=== IN-SAMPLE Sep 2024 - Sep 2026: 171 kombinasi (kumulatif 433) ===
Kolom: skenario H1 slip 0,01% (utama) | NET skenario lain | gross tanpa biaya
5m  donchian-20 k=1.5              n=11759 (16.1/hr) win=31.4% PF=0.66 NET=-502.8% maxDD=504.4% hold=20m | paruh -263.8/-239.0 | thn 2024:-60.6 2025:-261.5 2026:-180.7 | H2:-554.6 H3:-259.7 H1/s.03:-973.1 | PFgross0=0.98
5m  donchian-20 k=1.5 mh8j         n=11760 (16.1/hr) win=31.4% PF=0.66 NET=-503.0% maxDD=504.6% hold=20m | paruh -264.0/-239.0 | thn 2024:-60.6 2025:-261.8 2026:-180.7 | H2:-554.7 H3:-260.0 H1/s.03:-973.4 | PFgross0=0.98
5m  donchian-20 k=2                n= 9892 (13.6/hr) win=31.0% PF=0.63 NET=-599.7% maxDD=601.9% hold=30m | paruh -314.4/-285.4 | thn 2024:-80.9 2025:-300.7 2026:-218.2 | H2:-658.3 H3:-245.5 H1/s.03:-995.4 | PFgross0=0.97
5m  donchian-20 k=2 mh8j           n= 9904 (13.6/hr) win=31.0% PF=0.63 NET=-597.9% maxDD=600.1% hold=30m | paruh -312.8/-285.1 | thn 2024:-80.2 2025:-300.3 2026:-217.4 | H2:-655.7 H3:-243.6 H1/s.03:-994.1 | PFgross0=0.97
5m  donchian-20 k=3                n= 6758 (9.3/hr) win=29.2% PF=0.53 NET=-818.5% maxDD=819.4% hold=60m | paruh -417.8/-400.7 | thn 2024:-111.6 2025:-411.6 2026:-295.3 | H2:-866.2 H3:-214.3 H1/s.03:-1088.8 | PFgross0=0.95
5m  donchian-20 k=3 mh8j           n= 7035 (9.6/hr) win=29.5% PF=0.54 NET=-804.9% maxDD=805.9% hold=60m | paruh -403.7/-401.2 | thn 2024:-111.8 2025:-398.7 2026:-294.4 | H2:-854.1 H3:-219.9 H1/s.03:-1086.3 | PFgross0=0.95
5m  donchian-50 k=1.5              n= 6968 (9.5/hr) win=31.1% PF=0.66 NET=-312.3% maxDD=315.4% hold=15m | paruh -168.8/-143.5 | thn 2024:-42.3 2025:-154.9 2026:-115.2 | H2:-319.7 H3:-168.8 H1/s.03:-591.1 | PFgross0=0.96
5m  donchian-50 k=1.5 mh8j         n= 6968 (9.5/hr) win=31.1% PF=0.66 NET=-312.3% maxDD=315.4% hold=15m | paruh -168.8/-143.5 | thn 2024:-42.3 2025:-154.9 2026:-115.2 | H2:-319.7 H3:-168.8 H1/s.03:-591.1 | PFgross0=0.96
5m  donchian-50 k=2                n= 5979 (8.2/hr) win=31.5% PF=0.65 NET=-350.6% maxDD=352.6% hold=25m | paruh -193.2/-157.4 | thn 2024:-59.2 2025:-162.8 2026:-128.6 | H2:-361.4 H3:-146.8 H1/s.03:-589.8 | PFgross0=0.97
5m  donchian-50 k=2 mh8j           n= 5983 (8.2/hr) win=31.5% PF=0.65 NET=-350.5% maxDD=352.5% hold=25m | paruh -193.2/-157.3 | thn 2024:-58.7 2025:-163.2 2026:-128.6 | H2:-361.0 H3:-146.6 H1/s.03:-589.8 | PFgross0=0.97
5m  donchian-50 k=3                n= 4576 (6.3/hr) win=29.7% PF=0.55 NET=-536.2% maxDD=536.7% hold=50m | paruh -275.1/-261.0 | thn 2024:-83.5 2025:-246.8 2026:-205.8 | H2:-538.5 H3:-157.4 H1/s.03:-719.2 | PFgross0=0.93
5m  donchian-50 k=3 mh8j           n= 4650 (6.4/hr) win=30.2% PF=0.56 NET=-525.2% maxDD=525.8% hold=50m | paruh -263.2/-262.0 | thn 2024:-83.6 2025:-233.3 2026:-208.3 | H2:-528.1 H3:-156.7 H1/s.03:-711.2 | PFgross0=0.94
5m  sweep-20 k=1.5                 n=12095 (16.6/hr) win=32.6% PF=0.71 NET=-438.9% maxDD=441.4% hold=25m | paruh -234.7/-204.1 | thn 2024:-64.3 2025:-224.8 2026:-149.8 | H2:-492.1 H3:-92.9 H1/s.03:-922.7 | PFgross0=1.14
5m  sweep-20 k=1.5 mh8j            n=12094 (16.6/hr) win=32.6% PF=0.71 NET=-438.3% maxDD=440.9% hold=25m | paruh -234.3/-204.0 | thn 2024:-64.2 2025:-224.3 2026:-149.8 | H2:-491.5 H3:-92.4 H1/s.03:-922.1 | PFgross0=1.14
5m  sweep-20 k=2                   n= 9710 (13.3/hr) win=31.4% PF=0.61 NET=-645.8% maxDD=647.3% hold=35m | paruh -350.8/-295.0 | thn 2024:-88.2 2025:-345.9 2026:-211.7 | H2:-697.7 H3:-165.1 H1/s.03:-1034.2 | PFgross0=1.03
5m  sweep-20 k=2 mh8j              n= 9784 (13.4/hr) win=31.4% PF=0.62 NET=-641.4% maxDD=642.9% hold=35m | paruh -347.9/-293.5 | thn 2024:-87.7 2025:-343.3 2026:-210.5 | H2:-692.2 H3:-164.6 H1/s.03:-1032.8 | PFgross0=1.03
5m  sweep-20 k=3                   n= 5769 (7.9/hr) win=29.4% PF=0.56 NET=-707.2% maxDD=707.3% hold=75m | paruh -363.0/-344.2 | thn 2024:-81.2 2025:-378.3 2026:-247.6 | H2:-760.0 H3:-3.5 H1/s.03:-937.9 | PFgross0=1.11
5m  sweep-20 k=3 mh8j              n= 6327 (8.7/hr) win=30.2% PF=0.59 NET=-672.8% maxDD=672.9% hold=70m | paruh -353.5/-319.3 | thn 2024:-81.6 2025:-359.7 2026:-231.5 | H2:-727.8 H3:-5.9 H1/s.03:-925.9 | PFgross0=1.11
5m  sweep-50 k=1.5                 n= 7893 (10.8/hr) win=32.7% PF=0.71 NET=-306.2% maxDD=308.9% hold=20m | paruh -158.4/-147.9 | thn 2024:-47.3 2025:-153.2 2026:-105.7 | H2:-330.8 H3:-80.3 H1/s.03:-622.0 | PFgross0=1.10
5m  sweep-50 k=1.5 mh8j            n= 7893 (10.8/hr) win=32.7% PF=0.71 NET=-306.1% maxDD=308.8% hold=20m | paruh -158.3/-147.9 | thn 2024:-47.2 2025:-153.2 2026:-105.7 | H2:-330.7 H3:-80.3 H1/s.03:-621.9 | PFgross0=1.10
5m  sweep-50 k=2                   n= 6851 (9.4/hr) win=31.0% PF=0.59 NET=-506.3% maxDD=507.0% hold=35m | paruh -257.8/-248.5 | thn 2024:-62.2 2025:-268.6 2026:-175.4 | H2:-523.8 H3:-154.4 H1/s.03:-780.3 | PFgross0=0.99
5m  sweep-50 k=2 mh8j              n= 6894 (9.4/hr) win=31.1% PF=0.59 NET=-498.4% maxDD=499.2% hold=35m | paruh -253.9/-244.5 | thn 2024:-61.4 2025:-264.5 2026:-172.5 | H2:-514.6 H3:-151.4 H1/s.03:-774.1 | PFgross0=0.99
5m  sweep-50 k=3                   n= 4592 (6.3/hr) win=28.1% PF=0.50 NET=-663.7% maxDD=663.7% hold=70m | paruh -321.1/-342.6 | thn 2024:-78.7 2025:-335.5 2026:-249.4 | H2:-675.1 H3:-72.3 H1/s.03:-847.4 | PFgross0=1.03
5m  sweep-50 k=3 mh8j              n= 4988 (6.8/hr) win=29.2% PF=0.53 NET=-629.3% maxDD=629.3% hold=70m | paruh -317.3/-312.1 | thn 2024:-81.2 2025:-317.8 2026:-230.3 | H2:-644.1 H3:-85.4 H1/s.03:-828.8 | PFgross0=1.03
5m  mr k=1.5 mean                  n= 5145 (7.0/hr) win=37.8% PF=0.76 NET=-215.4% maxDD=215.4% hold=25m | paruh -103.6/-111.8 | thn 2024:-27.7 2025:-90.4 2026:-97.3 | H2:-251.1 H3:-79.1 H1/s.03:-421.2 | PFgross0=1.04
5m  mr k=1.5 mean mh8j             n= 5145 (7.0/hr) win=37.8% PF=0.76 NET=-215.4% maxDD=215.4% hold=25m | paruh -103.6/-111.8 | thn 2024:-27.7 2025:-90.4 2026:-97.3 | H2:-251.1 H3:-79.1 H1/s.03:-421.2 | PFgross0=1.04
5m  mr k=1.5 trail                 n= 5198 (7.1/hr) win=33.9% PF=0.79 NET=-128.9% maxDD=129.5% hold=15m | paruh -57.3/-71.6 | thn 2024:-12.4 2025:-48.5 2026:-68.0 | H2:-174.3 H3:-32.9 H1/s.03:-336.8 | PFgross0=1.15
5m  mr k=1.5 trail mh8j            n= 5199 (7.1/hr) win=33.9% PF=0.79 NET=-129.1% maxDD=129.8% hold=15m | paruh -57.3/-71.8 | thn 2024:-12.4 2025:-48.5 2026:-68.2 | H2:-174.4 H3:-33.1 H1/s.03:-337.1 | PFgross0=1.15
5m  mr k=2 mean                    n= 4961 (6.8/hr) win=44.6% PF=0.76 NET=-238.8% maxDD=239.5% hold=35m | paruh -126.9/-111.9 | thn 2024:-31.7 2025:-108.4 2026:-98.7 | H2:-271.4 H3:-74.1 H1/s.03:-437.2 | PFgross0=1.03
5m  mr k=2 mean mh8j               n= 4961 (6.8/hr) win=44.6% PF=0.76 NET=-238.8% maxDD=239.5% hold=35m | paruh -126.9/-111.9 | thn 2024:-31.7 2025:-108.4 2026:-98.7 | H2:-271.4 H3:-74.1 H1/s.03:-437.2 | PFgross0=1.03
5m  mr k=2 trail                   n= 4801 (6.6/hr) win=33.0% PF=0.77 NET=-174.6% maxDD=175.7% hold=25m | paruh -90.3/-84.3 | thn 2024:-12.8 2025:-82.9 2026:-78.9 | H2:-226.3 H3:-6.0 H1/s.03:-366.6 | PFgross0=1.16
5m  mr k=2 trail mh8j              n= 4817 (6.6/hr) win=33.1% PF=0.77 NET=-171.5% maxDD=172.6% hold=25m | paruh -89.3/-82.2 | thn 2024:-12.7 2025:-82.1 2026:-76.6 | H2:-223.1 H3:-5.4 H1/s.03:-364.1 | PFgross0=1.16
5m  mr k=3 mean                    n= 4721 (6.5/hr) win=52.1% PF=0.74 NET=-272.5% maxDD=272.5% hold=45m | paruh -145.9/-126.6 | thn 2024:-39.3 2025:-120.6 2026:-112.6 | H2:-299.0 H3:-64.8 H1/s.03:-461.4 | PFgross0=1.04
5m  mr k=3 mean mh8j               n= 4721 (6.5/hr) win=52.1% PF=0.74 NET=-272.5% maxDD=272.5% hold=45m | paruh -145.9/-126.6 | thn 2024:-39.3 2025:-120.6 2026:-112.6 | H2:-299.0 H3:-64.8 H1/s.03:-461.4 | PFgross0=1.04
5m  mr k=3 trail                   n= 3799 (5.2/hr) win=30.4% PF=0.61 NET=-368.9% maxDD=369.3% hold=55m | paruh -167.6/-201.3 | thn 2024:-45.5 2025:-159.1 2026:-164.3 | H2:-420.9 H3:-21.0 H1/s.03:-520.9 | PFgross0=1.09
5m  mr k=3 trail mh8j              n= 3933 (5.4/hr) win=30.9% PF=0.65 NET=-337.6% maxDD=338.4% hold=55m | paruh -148.2/-189.4 | thn 2024:-39.6 2025:-145.7 2026:-152.2 | H2:-387.1 H3:-8.8 H1/s.03:-494.9 | PFgross0=1.11
5m  mr+trend k=1.5 mean            n=  903 (1.2/hr) win=43.4% PF=0.86 NET=-20.2% maxDD=22.1% hold=30m | paruh -0.6/-19.6 | thn 2024:-1.6 2025:-0.2 2026:-18.5 | H2:-32.3 H3:1.3 H1/s.03:-56.3 | PFgross0=1.17
5m  mr+trend k=1.5 mean mh8j       n=  903 (1.2/hr) win=43.4% PF=0.86 NET=-20.2% maxDD=22.1% hold=30m | paruh -0.6/-19.6 | thn 2024:-1.6 2025:-0.2 2026:-18.5 | H2:-32.3 H3:1.3 H1/s.03:-56.3 | PFgross0=1.17
5m  mr+trend k=1.5 trail           n=  910 (1.2/hr) win=34.2% PF=0.85 NET=-15.1% maxDD=15.5% hold=20m | paruh -2.8/-12.3 | thn 2024:-4.0 2025:0.8 2026:-11.9 | H2:-31.1 H3:-1.4 H1/s.03:-51.5 | PFgross0=1.21
5m  mr+trend k=1.5 trail mh8j      n=  910 (1.2/hr) win=34.2% PF=0.85 NET=-15.2% maxDD=15.6% hold=20m | paruh -2.8/-12.4 | thn 2024:-4.0 2025:0.8 2026:-12.0 | H2:-31.1 H3:-1.5 H1/s.03:-51.6 | PFgross0=1.21
5m  mr+trend k=2 mean              n=  888 (1.2/hr) win=49.9% PF=0.84 NET=-25.7% maxDD=28.6% hold=40m | paruh -6.4/-19.3 | thn 2024:-0.6 2025:-7.0 2026:-18.1 | H2:-37.2 H3:2.2 H1/s.03:-61.2 | PFgross0=1.16
5m  mr+trend k=2 mean mh8j         n=  888 (1.2/hr) win=49.9% PF=0.84 NET=-25.7% maxDD=28.6% hold=40m | paruh -6.4/-19.3 | thn 2024:-0.6 2025:-7.0 2026:-18.1 | H2:-37.2 H3:2.2 H1/s.03:-61.2 | PFgross0=1.16
5m  mr+trend k=2 trail             n=  893 (1.2/hr) win=35.6% PF=0.90 NET=-13.1% maxDD=16.5% hold=35m | paruh -3.7/-9.4 | thn 2024:1.5 2025:-3.4 2026:-11.2 | H2:-34.4 H3:13.9 H1/s.03:-48.8 | PFgross0=1.32
5m  mr+trend k=2 trail mh8j        n=  893 (1.2/hr) win=35.6% PF=0.90 NET=-13.3% maxDD=16.8% hold=35m | paruh -3.7/-9.6 | thn 2024:1.5 2025:-3.4 2026:-11.5 | H2:-34.4 H3:13.6 H1/s.03:-49.0 | PFgross0=1.32
5m  mr+trend k=3 mean              n=  879 (1.2/hr) win=57.2% PF=0.86 NET=-22.2% maxDD=26.0% hold=50m | paruh -6.4/-15.8 | thn 2024:-1.3 2025:-10.7 2026:-10.1 | H2:-33.2 H3:14.6 H1/s.03:-57.3 | PFgross0=1.26
5m  mr+trend k=3 mean mh8j         n=  879 (1.2/hr) win=57.2% PF=0.86 NET=-22.2% maxDD=26.0% hold=50m | paruh -6.4/-15.8 | thn 2024:-1.3 2025:-10.7 2026:-10.1 | H2:-33.2 H3:14.6 H1/s.03:-57.3 | PFgross0=1.26
5m  mr+trend k=3 trail             n=  838 (1.1/hr) win=32.0% PF=0.75 NET=-50.0% maxDD=55.7% hold=75m | paruh -22.2/-27.8 | thn 2024:-0.7 2025:-28.6 2026:-20.6 | H2:-70.4 H3:24.0 H1/s.03:-83.5 | PFgross0=1.29
5m  mr+trend k=3 trail mh8j        n=  840 (1.2/hr) win=31.9% PF=0.75 NET=-49.4% maxDD=55.1% hold=75m | paruh -20.7/-28.7 | thn 2024:-0.2 2025:-27.7 2026:-21.5 | H2:-68.1 H3:24.1 H1/s.03:-83.0 | PFgross0=1.29
5m  sqz k=1.5 trail                n= 1453 (2.0/hr) win=34.1% PF=0.75 NET=-34.5% maxDD=38.2% hold=20m | paruh -10.9/-23.5 | thn 2024:-1.4 2025:-20.8 2026:-12.2 | H2:-43.8 H3:-5.6 H1/s.03:-92.6 | PFgross0=1.24
5m  sqz k=1.5 trail mh8j           n= 1453 (2.0/hr) win=34.1% PF=0.75 NET=-34.5% maxDD=38.2% hold=20m | paruh -10.9/-23.5 | thn 2024:-1.4 2025:-20.8 2026:-12.2 | H2:-43.8 H3:-5.6 H1/s.03:-92.6 | PFgross0=1.24
5m  sqz k=2 trail                  n= 1408 (1.9/hr) win=33.5% PF=0.75 NET=-43.8% maxDD=46.4% hold=30m | paruh -14.8/-29.0 | thn 2024:-6.1 2025:-21.7 2026:-16.0 | H2:-55.4 H3:3.7 H1/s.03:-100.1 | PFgross0=1.26
5m  sqz k=2 trail mh8j             n= 1408 (1.9/hr) win=33.5% PF=0.76 NET=-43.1% maxDD=45.6% hold=30m | paruh -14.9/-28.2 | thn 2024:-6.1 2025:-21.7 2026:-15.2 | H2:-54.5 H3:4.5 H1/s.03:-99.4 | PFgross0=1.27
5m  sqz k=3 trail                  n= 1276 (1.7/hr) win=28.9% PF=0.52 NET=-127.3% maxDD=128.9% hold=55m | paruh -49.8/-77.5 | thn 2024:-10.9 2025:-62.3 2026:-54.1 | H2:-130.7 H3:-23.0 H1/s.03:-178.4 | PFgross0=1.03
5m  sqz k=3 trail mh8j             n= 1281 (1.8/hr) win=29.0% PF=0.52 NET=-127.2% maxDD=128.7% hold=55m | paruh -50.5/-76.6 | thn 2024:-10.7 2025:-63.2 2026:-53.3 | H2:-130.0 H3:-25.7 H1/s.03:-178.4 | PFgross0=1.01
5m  fvg w>=0.05                    n=12010 (16.5/hr) win=31.7% PF=0.59 NET=-791.0% maxDD=792.5% hold=25m | paruh -387.7/-403.3 | thn 2024:-102.8 2025:-409.8 2026:-278.3 | H2:-855.6 H3:-194.2 H1/s.03:-1271.4 | PFgross0=1.04
5m  fvg w>=0.1                     n= 6343 (8.7/hr) win=31.8% PF=0.58 NET=-585.2% maxDD=587.2% hold=35m | paruh -303.1/-282.1 | thn 2024:-82.4 2025:-290.7 2026:-212.1 | H2:-610.8 H3:-88.3 H1/s.03:-838.9 | PFgross0=1.05
5m  fvg w>=0.3                     n=  863 (1.2/hr) win=29.7% PF=0.48 NET=-228.8% maxDD=230.9% hold=95m | paruh -99.9/-128.9 | thn 2024:-30.7 2025:-87.5 2026:-110.7 | H2:-232.0 H3:-7.8 H1/s.03:-263.3 | PFgross0=1.05
15m donchian-20 k=1.5              n= 3579 (4.9/hr) win=30.2% PF=0.57 NET=-367.6% maxDD=368.7% hold=60m | paruh -184.6/-182.9 | thn 2024:-52.2 2025:-161.4 2026:-154.0 | H2:-412.8 H3:-124.6 H1/s.03:-510.8 | PFgross0=0.93
15m donchian-20 k=1.5 mh8j         n= 3614 (5.0/hr) win=30.2% PF=0.58 NET=-363.9% maxDD=365.0% hold=60m | paruh -182.3/-181.6 | thn 2024:-52.6 2025:-158.9 2026:-152.4 | H2:-408.5 H3:-127.2 H1/s.03:-508.4 | PFgross0=0.92
15m donchian-20 k=2                n= 2987 (4.1/hr) win=28.0% PF=0.49 NET=-513.7% maxDD=514.7% hold=90m | paruh -264.5/-249.2 | thn 2024:-76.4 2025:-237.1 2026:-200.1 | H2:-551.5 H3:-135.4 H1/s.03:-633.2 | PFgross0=0.91
15m donchian-20 k=2 mh8j           n= 3101 (4.2/hr) win=28.5% PF=0.50 NET=-503.9% maxDD=504.9% hold=90m | paruh -252.3/-251.6 | thn 2024:-77.1 2025:-227.6 2026:-199.2 | H2:-539.6 H3:-145.2 H1/s.03:-627.9 | PFgross0=0.90
15m donchian-20 k=3                n= 1947 (2.7/hr) win=23.7% PF=0.36 NET=-737.8% maxDD=738.6% hold=195m | paruh -362.3/-375.5 | thn 2024:-89.1 2025:-357.8 2026:-290.9 | H2:-753.1 H3:-74.8 H1/s.03:-815.7 | PFgross0=0.97
15m donchian-20 k=3 mh8j           n= 2441 (3.3/hr) win=26.2% PF=0.44 NET=-662.0% maxDD=662.8% hold=195m | paruh -310.0/-352.0 | thn 2024:-87.8 2025:-289.8 2026:-284.4 | H2:-678.3 H3:-95.1 H1/s.03:-759.7 | PFgross0=0.96
15m donchian-50 k=1.5              n= 2131 (2.9/hr) win=31.8% PF=0.65 NET=-184.9% maxDD=184.9% hold=45m | paruh -111.0/-73.9 | thn 2024:-33.4 2025:-91.2 2026:-60.3 | H2:-215.3 H3:-64.3 H1/s.03:-270.1 | PFgross0=0.95
15m donchian-50 k=1.5 mh8j         n= 2141 (2.9/hr) win=31.8% PF=0.65 NET=-182.2% maxDD=182.2% hold=45m | paruh -108.6/-73.6 | thn 2024:-33.7 2025:-88.5 2026:-60.1 | H2:-212.4 H3:-64.2 H1/s.03:-267.9 | PFgross0=0.95
15m donchian-50 k=2                n= 1854 (2.5/hr) win=29.0% PF=0.52 NET=-297.8% maxDD=298.3% hold=75m | paruh -172.9/-124.9 | thn 2024:-49.3 2025:-155.7 2026:-92.8 | H2:-317.8 H3:-93.0 H1/s.03:-372.0 | PFgross0=0.89
15m donchian-50 k=2 mh8j           n= 1885 (2.6/hr) win=29.4% PF=0.53 NET=-290.2% maxDD=290.7% hold=75m | paruh -166.2/-123.9 | thn 2024:-49.1 2025:-150.0 2026:-91.1 | H2:-310.3 H3:-97.1 H1/s.03:-365.6 | PFgross0=0.88
15m donchian-50 k=3                n= 1396 (1.9/hr) win=23.8% PF=0.39 NET=-487.5% maxDD=487.5% hold=165m | paruh -261.7/-225.8 | thn 2024:-60.1 2025:-266.3 2026:-161.1 | H2:-496.0 H3:-62.7 H1/s.03:-543.3 | PFgross0=0.95
15m donchian-50 k=3 mh8j           n= 1570 (2.2/hr) win=26.3% PF=0.46 NET=-408.4% maxDD=408.4% hold=165m | paruh -207.4/-201.0 | thn 2024:-47.1 2025:-205.2 2026:-156.1 | H2:-417.8 H3:-70.3 H1/s.03:-471.2 | PFgross0=0.94
15m sweep-20 k=1.5                 n= 4058 (5.6/hr) win=27.9% PF=0.53 NET=-482.5% maxDD=482.5% hold=60m | paruh -222.5/-260.0 | thn 2024:-32.9 2025:-267.7 2026:-181.9 | H2:-533.1 H3:-95.9 H1/s.03:-644.8 | PFgross0=0.99
15m sweep-20 k=1.5 mh8j            n= 4143 (5.7/hr) win=28.4% PF=0.55 NET=-460.7% maxDD=460.7% hold=60m | paruh -213.4/-247.3 | thn 2024:-30.1 2025:-259.3 2026:-171.3 | H2:-512.9 H3:-90.3 H1/s.03:-626.4 | PFgross0=1.00
15m sweep-20 k=2                   n= 3111 (4.3/hr) win=25.9% PF=0.47 NET=-573.8% maxDD=573.8% hold=105m | paruh -271.0/-302.8 | thn 2024:-52.9 2025:-306.8 2026:-214.0 | H2:-611.5 H3:-30.9 H1/s.03:-698.2 | PFgross0=1.06
15m sweep-20 k=2 mh8j              n= 3380 (4.6/hr) win=27.2% PF=0.51 NET=-543.6% maxDD=545.3% hold=105m | paruh -273.9/-269.7 | thn 2024:-55.6 2025:-299.3 2026:-188.6 | H2:-585.0 H3:-46.2 H1/s.03:-678.8 | PFgross0=1.04
15m sweep-20 k=3                   n= 1809 (2.5/hr) win=23.0% PF=0.34 NET=-760.5% maxDD=761.5% hold=240m | paruh -363.1/-397.3 | thn 2024:-86.0 2025:-400.1 2026:-274.3 | H2:-791.4 H3:-2.9 H1/s.03:-832.8 | PFgross0=1.07
15m sweep-20 k=3 mh8j              n= 2553 (3.5/hr) win=27.0% PF=0.42 NET=-696.1% maxDD=697.1% hold=225m | paruh -323.5/-372.5 | thn 2024:-84.6 2025:-344.2 2026:-267.2 | H2:-731.9 H3:-57.6 H1/s.03:-798.2 | PFgross0=1.01
15m sweep-50 k=1.5                 n= 2720 (3.7/hr) win=28.5% PF=0.54 NET=-318.7% maxDD=318.9% hold=60m | paruh -148.9/-169.8 | thn 2024:-18.3 2025:-175.7 2026:-124.7 | H2:-347.0 H3:-62.4 H1/s.03:-427.5 | PFgross0=0.99
15m sweep-50 k=1.5 mh8j            n= 2753 (3.8/hr) win=28.9% PF=0.56 NET=-304.5% maxDD=305.0% hold=60m | paruh -139.8/-164.7 | thn 2024:-15.9 2025:-169.3 2026:-119.3 | H2:-332.8 H3:-60.5 H1/s.03:-414.6 | PFgross0=1.00
15m sweep-50 k=2                   n= 2262 (3.1/hr) win=26.5% PF=0.49 NET=-408.1% maxDD=409.1% hold=105m | paruh -187.9/-220.3 | thn 2024:-39.9 2025:-214.6 2026:-153.6 | H2:-441.5 H3:-18.6 H1/s.03:-498.6 | PFgross0=1.06
15m sweep-50 k=2 mh8j              n= 2416 (3.3/hr) win=27.8% PF=0.52 NET=-384.6% maxDD=387.8% hold=105m | paruh -181.9/-202.7 | thn 2024:-36.9 2025:-204.0 2026:-143.7 | H2:-412.7 H3:-39.1 H1/s.03:-481.2 | PFgross0=1.03
15m sweep-50 k=3                   n= 1490 (2.0/hr) win=22.4% PF=0.34 NET=-606.9% maxDD=607.8% hold=225m | paruh -276.5/-330.4 | thn 2024:-63.6 2025:-319.0 2026:-224.3 | H2:-629.7 H3:-5.2 H1/s.03:-666.5 | PFgross0=1.07
15m sweep-50 k=3 mh8j              n= 1913 (2.6/hr) win=27.4% PF=0.44 NET=-516.6% maxDD=518.9% hold=225m | paruh -238.1/-278.5 | thn 2024:-51.4 2025:-267.4 2026:-197.8 | H2:-539.6 H3:-44.3 H1/s.03:-593.2 | PFgross0=1.01
15m mr k=1.5 mean                  n= 1932 (2.6/hr) win=36.7% PF=0.70 NET=-186.1% maxDD=187.8% hold=75m | paruh -66.5/-119.6 | thn 2024:-15.8 2025:-81.6 2026:-88.7 | H2:-198.9 H3:-8.8 H1/s.03:-263.4 | PFgross0=1.07
15m mr k=1.5 mean mh8j             n= 1932 (2.6/hr) win=36.7% PF=0.70 NET=-186.1% maxDD=187.8% hold=75m | paruh -66.5/-119.6 | thn 2024:-15.8 2025:-81.6 2026:-88.7 | H2:-198.9 H3:-8.8 H1/s.03:-263.4 | PFgross0=1.07
15m mr k=1.5 trail                 n= 1925 (2.6/hr) win=29.9% PF=0.66 NET=-149.0% maxDD=150.9% hold=45m | paruh -68.9/-80.0 | thn 2024:-11.7 2025:-83.7 2026:-53.6 | H2:-172.3 H3:-5.4 H1/s.03:-226.0 | PFgross0=1.11
15m mr k=1.5 trail mh8j            n= 1948 (2.7/hr) win=30.3% PF=0.68 NET=-141.2% maxDD=141.2% hold=45m | paruh -67.9/-73.3 | thn 2024:-15.3 2025:-76.3 2026:-49.6 | H2:-164.9 H3:-7.9 H1/s.03:-219.1 | PFgross0=1.10
15m mr k=2 mean                    n= 1874 (2.6/hr) win=42.1% PF=0.69 NET=-209.1% maxDD=211.3% hold=90m | paruh -82.1/-127.0 | thn 2024:-22.2 2025:-98.8 2026:-88.0 | H2:-211.7 H3:8.0 H1/s.03:-284.0 | PFgross0=1.09
15m mr k=2 mean mh8j               n= 1874 (2.6/hr) win=42.1% PF=0.69 NET=-208.5% maxDD=210.7% hold=90m | paruh -81.6/-127.0 | thn 2024:-22.3 2025:-98.2 2026:-88.0 | H2:-211.1 H3:8.5 H1/s.03:-283.5 | PFgross0=1.10
15m mr k=2 trail                   n= 1743 (2.4/hr) win=28.2% PF=0.58 NET=-228.3% maxDD=231.2% hold=75m | paruh -113.0/-115.3 | thn 2024:-15.6 2025:-138.0 2026:-74.6 | H2:-244.6 H3:19.6 H1/s.03:-298.0 | PFgross0=1.15
15m mr k=2 trail mh8j              n= 1822 (2.5/hr) win=29.3% PF=0.61 NET=-210.4% maxDD=212.6% hold=75m | paruh -100.8/-109.7 | thn 2024:-13.2 2025:-121.1 2026:-76.1 | H2:-228.1 H3:10.6 H1/s.03:-283.3 | PFgross0=1.13
15m mr k=3 mean                    n= 1764 (2.4/hr) win=48.3% PF=0.67 NET=-239.6% maxDD=240.0% hold=120m | paruh -114.0/-125.6 | thn 2024:-31.0 2025:-108.6 2026:-100.0 | H2:-241.1 H3:17.7 H1/s.03:-310.1 | PFgross0=1.11
15m mr k=3 mean mh8j               n= 1764 (2.4/hr) win=48.3% PF=0.67 NET=-238.7% maxDD=239.1% hold=120m | paruh -113.0/-125.7 | thn 2024:-31.0 2025:-108.2 2026:-99.4 | H2:-240.3 H3:18.1 H1/s.03:-309.3 | PFgross0=1.11
15m mr k=3 trail                   n= 1297 (1.8/hr) win=25.6% PF=0.45 NET=-388.7% maxDD=393.7% hold=195m | paruh -188.8/-200.0 | thn 2024:-14.9 2025:-227.7 2026:-146.1 | H2:-405.9 H3:62.5 H1/s.03:-440.6 | PFgross0=1.22
15m mr k=3 trail mh8j              n= 1563 (2.1/hr) win=28.5% PF=0.57 NET=-297.3% maxDD=303.5% hold=180m | paruh -126.7/-170.6 | thn 2024:-8.1 2025:-159.5 2026:-129.6 | H2:-311.0 H3:54.6 H1/s.03:-359.8 | PFgross0=1.19
15m mr+trend k=1.5 mean            n=  366 (0.5/hr) win=42.9% PF=0.84 NET=-16.4% maxDD=19.8% hold=90m | paruh -5.7/-10.7 | thn 2024:2.4 2025:-12.1 2026:-6.7 | H2:-21.5 H3:16.9 H1/s.03:-31.0 | PFgross0=1.31
15m mr+trend k=1.5 mean mh8j       n=  366 (0.5/hr) win=42.9% PF=0.84 NET=-16.4% maxDD=19.8% hold=90m | paruh -5.7/-10.7 | thn 2024:2.4 2025:-12.1 2026:-6.7 | H2:-21.5 H3:16.9 H1/s.03:-31.0 | PFgross0=1.31
15m mr+trend k=1.5 trail           n=  375 (0.5/hr) win=28.8% PF=0.78 NET=-19.3% maxDD=25.2% hold=60m | paruh -7.8/-11.5 | thn 2024:3.5 2025:-17.9 2026:-4.9 | H2:-23.0 H3:11.6 H1/s.03:-34.3 | PFgross0=1.32
15m mr+trend k=1.5 trail mh8j      n=  375 (0.5/hr) win=29.3% PF=0.79 NET=-17.6% maxDD=23.6% hold=60m | paruh -7.8/-9.8 | thn 2024:3.5 2025:-17.9 2026:-3.2 | H2:-21.5 H3:12.7 H1/s.03:-32.6 | PFgross0=1.34
15m mr+trend k=2 mean              n=  362 (0.5/hr) win=48.3% PF=0.81 NET=-21.5% maxDD=24.6% hold=105m | paruh -7.2/-14.3 | thn 2024:1.9 2025:-16.5 2026:-6.9 | H2:-26.1 H3:19.1 H1/s.03:-36.0 | PFgross0=1.31
15m mr+trend k=2 mean mh8j         n=  362 (0.5/hr) win=48.3% PF=0.81 NET=-21.5% maxDD=24.6% hold=105m | paruh -7.2/-14.3 | thn 2024:1.9 2025:-16.5 2026:-6.9 | H2:-26.1 H3:19.1 H1/s.03:-36.0 | PFgross0=1.31
15m mr+trend k=2 trail             n=  356 (0.5/hr) win=28.4% PF=0.58 NET=-47.3% maxDD=52.1% hold=105m | paruh -23.8/-23.6 | thn 2024:0.8 2025:-38.2 2026:-9.9 | H2:-52.5 H3:6.6 H1/s.03:-61.6 | PFgross0=1.19
15m mr+trend k=2 trail mh8j        n=  361 (0.5/hr) win=29.6% PF=0.60 NET=-44.5% maxDD=49.8% hold=105m | paruh -21.8/-22.7 | thn 2024:1.4 2025:-34.0 2026:-11.9 | H2:-50.0 H3:3.6 H1/s.03:-58.9 | PFgross0=1.16
15m mr+trend k=3 mean              n=  358 (0.5/hr) win=55.0% PF=0.81 NET=-24.8% maxDD=27.8% hold=135m | paruh -16.5/-8.3 | thn 2024:0.8 2025:-21.6 2026:-4.0 | H2:-29.3 H3:26.7 H1/s.03:-39.1 | PFgross0=1.38
15m mr+trend k=3 mean mh8j         n=  358 (0.5/hr) win=55.0% PF=0.80 NET=-25.3% maxDD=28.1% hold=135m | paruh -16.6/-8.6 | thn 2024:0.7 2025:-21.9 2026:-4.0 | H2:-29.6 H3:26.2 H1/s.03:-39.6 | PFgross0=1.38
15m mr+trend k=3 trail             n=  335 (0.5/hr) win=29.0% PF=0.46 NET=-93.7% maxDD=98.7% hold=210m | paruh -43.8/-49.9 | thn 2024:0.4 2025:-62.8 2026:-31.3 | H2:-100.6 H3:17.1 H1/s.03:-107.1 | PFgross0=1.25
15m mr+trend k=3 trail mh8j        n=  347 (0.5/hr) win=30.0% PF=0.51 NET=-75.1% maxDD=83.5% hold=210m | paruh -31.3/-43.7 | thn 2024:5.6 2025:-49.9 2026:-30.8 | H2:-82.6 H3:6.8 H1/s.03:-88.9 | PFgross0=1.15
15m sqz k=1.5 trail                n=  473 (0.6/hr) win=30.7% PF=0.57 NET=-38.6% maxDD=40.6% hold=45m | paruh -17.5/-21.1 | thn 2024:-4.2 2025:-21.6 2026:-12.7 | H2:-49.8 H3:-14.1 H1/s.03:-57.5 | PFgross0=0.94
15m sqz k=1.5 trail mh8j           n=  473 (0.6/hr) win=30.7% PF=0.57 NET=-38.2% maxDD=40.2% hold=45m | paruh -17.1/-21.1 | thn 2024:-4.2 2025:-21.2 2026:-12.7 | H2:-49.6 H3:-14.2 H1/s.03:-57.1 | PFgross0=0.94
15m sqz k=2 trail                  n=  461 (0.6/hr) win=27.8% PF=0.51 NET=-59.0% maxDD=60.9% hold=75m | paruh -29.2/-29.8 | thn 2024:-9.3 2025:-29.5 2026:-20.2 | H2:-72.5 H3:-15.3 H1/s.03:-77.4 | PFgross0=0.94
15m sqz k=2 trail mh8j             n=  463 (0.6/hr) win=27.9% PF=0.51 NET=-59.2% maxDD=61.1% hold=75m | paruh -28.8/-30.4 | thn 2024:-9.3 2025:-30.7 2026:-19.1 | H2:-72.0 H3:-17.0 H1/s.03:-77.7 | PFgross0=0.92
15m sqz k=3 trail                  n=  416 (0.6/hr) win=22.6% PF=0.37 NET=-119.9% maxDD=121.8% hold=165m | paruh -60.3/-59.7 | thn 2024:-14.4 2025:-57.2 2026:-48.4 | H2:-134.1 H3:-25.8 H1/s.03:-136.6 | PFgross0=0.87
15m sqz k=3 trail mh8j             n=  434 (0.6/hr) win=23.5% PF=0.41 NET=-105.3% maxDD=107.0% hold=165m | paruh -53.5/-51.8 | thn 2024:-14.4 2025:-49.2 2026:-41.7 | H2:-119.5 H3:-24.0 H1/s.03:-122.7 | PFgross0=0.89
15m fvg w>=0.05                    n= 4187 (5.7/hr) win=29.9% PF=0.48 NET=-608.2% maxDD=608.2% hold=45m | paruh -309.6/-298.6 | thn 2024:-58.2 2025:-316.9 2026:-233.1 | H2:-690.7 H3:-32.5 H1/s.03:-775.7 | PFgross0=1.09
15m fvg w>=0.1                     n= 2850 (3.9/hr) win=30.1% PF=0.46 NET=-551.7% maxDD=551.7% hold=75m | paruh -288.0/-263.6 | thn 2024:-49.8 2025:-297.4 2026:-204.5 | H2:-603.6 H3:-2.4 H1/s.03:-665.7 | PFgross0=1.10
15m fvg w>=0.3                     n=  818 (1.1/hr) win=27.8% PF=0.33 NET=-406.5% maxDD=406.5% hold=180m | paruh -223.2/-183.3 | thn 2024:-35.7 2025:-242.1 2026:-128.8 | H2:-426.4 H3:-2.3 H1/s.03:-439.2 | PFgross0=1.07
1h  donchian-20 k=1.5              n=  886 (1.2/hr) win=24.2% PF=0.38 NET=-322.1% maxDD=323.5% hold=240m | paruh -188.9/-133.1 | thn 2024:-54.2 2025:-184.5 2026:-83.3 | H2:-364.7 H3:-81.5 H1/s.03:-357.5 | PFgross0=0.83
1h  donchian-20 k=1.5 mh8j         n=  935 (1.3/hr) win=26.0% PF=0.45 NET=-268.3% maxDD=269.2% hold=240m | paruh -158.0/-110.2 | thn 2024:-47.5 2025:-146.9 2026:-73.8 | H2:-312.4 H3:-64.4 H1/s.03:-305.7 | PFgross0=0.88
1h  donchian-20 k=2                n=  725 (1.0/hr) win=22.6% PF=0.31 NET=-429.8% maxDD=429.8% hold=360m | paruh -255.6/-174.2 | thn 2024:-78.5 2025:-238.2 2026:-113.0 | H2:-473.2 H3:-45.1 H1/s.03:-458.8 | PFgross0=0.93
1h  donchian-20 k=2 mh8j           n=  869 (1.2/hr) win=28.2% PF=0.46 NET=-284.3% maxDD=285.0% hold=360m | paruh -177.5/-106.8 | thn 2024:-54.7 2025:-153.5 2026:-76.1 | H2:-330.2 H3:-26.6 H1/s.03:-319.1 | PFgross0=0.99
1h  donchian-20 k=3                n=  465 (0.6/hr) win=17.2% PF=0.18 NET=-646.5% maxDD=646.5% hold=960m | paruh -351.8/-294.8 | thn 2024:-87.0 2025:-342.2 2026:-217.3 | H2:-677.5 H3:-1.7 H1/s.03:-665.1 | PFgross0=1.06
1h  donchian-20 k=3 mh8j           n=  827 (1.1/hr) win=29.7% PF=0.44 NET=-334.8% maxDD=334.8% hold=480m | paruh -201.1/-133.6 | thn 2024:-73.8 2025:-163.2 2026:-97.8 | H2:-383.4 H3:-25.1 H1/s.03:-367.9 | PFgross0=0.99
1h  donchian-50 k=1.5              n=  530 (0.7/hr) win=25.8% PF=0.45 NET=-161.8% maxDD=164.3% hold=180m | paruh -94.2/-67.6 | thn 2024:-22.5 2025:-89.5 2026:-49.7 | H2:-188.9 H3:-34.4 H1/s.03:-183.0 | PFgross0=0.90
1h  donchian-50 k=1.5 mh8j         n=  553 (0.8/hr) win=27.1% PF=0.49 NET=-146.9% maxDD=148.2% hold=180m | paruh -84.1/-62.8 | thn 2024:-21.2 2025:-74.8 2026:-50.9 | H2:-171.2 H3:-30.8 H1/s.03:-169.0 | PFgross0=0.92
1h  donchian-50 k=2                n=  455 (0.6/hr) win=23.3% PF=0.35 NET=-236.3% maxDD=238.8% hold=360m | paruh -136.8/-99.6 | thn 2024:-40.9 2025:-123.7 2026:-71.7 | H2:-260.2 H3:-23.2 H1/s.03:-254.5 | PFgross0=0.96
1h  donchian-50 k=2 mh8j           n=  520 (0.7/hr) win=27.7% PF=0.45 NET=-180.7% maxDD=181.8% hold=360m | paruh -109.2/-71.5 | thn 2024:-33.9 2025:-85.6 2026:-61.2 | H2:-207.1 H3:-29.8 H1/s.03:-201.5 | PFgross0=0.93
1h  donchian-50 k=3                n=  344 (0.5/hr) win=20.9% PF=0.23 NET=-422.2% maxDD=428.5% hold=840m | paruh -224.0/-198.2 | thn 2024:-54.0 2025:-224.5 2026:-143.7 | H2:-448.3 H3:-22.9 H1/s.03:-436.0 | PFgross0=0.97
1h  donchian-50 k=3 mh8j           n=  501 (0.7/hr) win=28.9% PF=0.42 NET=-225.7% maxDD=226.6% hold=480m | paruh -135.8/-89.9 | thn 2024:-47.9 2025:-105.3 2026:-72.5 | H2:-255.6 H3:-42.0 H1/s.03:-245.8 | PFgross0=0.89
1h  sweep-20 k=1.5                 n= 1028 (1.4/hr) win=22.5% PF=0.34 NET=-402.2% maxDD=402.9% hold=240m | paruh -187.5/-214.7 | thn 2024:-45.8 2025:-195.7 2026:-160.7 | H2:-479.3 H3:-19.5 H1/s.03:-443.3 | PFgross0=1.02
1h  sweep-20 k=1.5 mh8j            n= 1163 (1.6/hr) win=29.8% PF=0.48 NET=-275.8% maxDD=277.7% hold=240m | paruh -138.2/-137.6 | thn 2024:-28.3 2025:-142.0 2026:-105.5 | H2:-352.8 H3:-6.3 H1/s.03:-322.4 | PFgross0=1.06
1h  sweep-20 k=2                   n=  799 (1.1/hr) win=17.3% PF=0.22 NET=-574.4% maxDD=574.6% hold=480m | paruh -280.4/-294.0 | thn 2024:-87.8 2025:-262.3 2026:-224.3 | H2:-637.1 H3:-43.8 H1/s.03:-606.4 | PFgross0=0.96
1h  sweep-20 k=2 mh8j              n= 1070 (1.5/hr) win=32.4% PF=0.48 NET=-308.1% maxDD=309.6% hold=480m | paruh -157.9/-150.2 | thn 2024:-39.4 2025:-141.1 2026:-127.6 | H2:-383.3 H3:10.4 H1/s.03:-350.9 | PFgross0=1.10
1h  sweep-20 k=3                   n=  469 (0.6/hr) win=13.0% PF=0.09 NET=-780.6% maxDD=780.6% hold=1020m | paruh -391.1/-389.5 | thn 2024:-137.4 2025:-362.4 2026:-280.7 | H2:-821.7 H3:-21.6 H1/s.03:-799.4 | PFgross0=1.01
1h  sweep-20 k=3 mh8j              n=  962 (1.3/hr) win=34.6% PF=0.45 NET=-343.7% maxDD=345.4% hold=480m | paruh -171.6/-172.1 | thn 2024:-43.4 2025:-143.8 2026:-156.5 | H2:-414.4 H3:5.6 H1/s.03:-382.2 | PFgross0=1.08
1h  sweep-50 k=1.5                 n=  696 (1.0/hr) win=21.7% PF=0.35 NET=-261.7% maxDD=262.0% hold=240m | paruh -108.5/-153.2 | thn 2024:-28.2 2025:-116.1 2026:-117.5 | H2:-315.4 H3:-6.9 H1/s.03:-289.6 | PFgross0=1.05
1h  sweep-50 k=1.5 mh8j            n=  725 (1.0/hr) win=29.5% PF=0.50 NET=-166.8% maxDD=168.7% hold=240m | paruh -67.4/-99.4 | thn 2024:-10.4 2025:-76.8 2026:-79.6 | H2:-213.8 H3:-3.1 H1/s.03:-195.8 | PFgross0=1.06
1h  sweep-50 k=2                   n=  590 (0.8/hr) win=17.8% PF=0.24 NET=-417.3% maxDD=417.3% hold=480m | paruh -195.6/-221.6 | thn 2024:-69.3 2025:-180.1 2026:-168.0 | H2:-468.4 H3:-13.5 H1/s.03:-440.9 | PFgross0=1.02
1h  sweep-50 k=2 mh8j              n=  677 (0.9/hr) win=32.1% PF=0.51 NET=-181.3% maxDD=183.3% hold=480m | paruh -77.3/-103.9 | thn 2024:-20.7 2025:-73.6 2026:-87.0 | H2:-231.4 H3:15.2 H1/s.03:-208.3 | PFgross0=1.13
1h  sweep-50 k=3                   n=  373 (0.5/hr) win=15.3% PF=0.11 NET=-609.9% maxDD=610.6% hold=1080m | paruh -301.7/-308.2 | thn 2024:-115.8 2025:-281.0 2026:-213.2 | H2:-647.1 H3:19.2 H1/s.03:-624.9 | PFgross0=1.15
1h  sweep-50 k=3 mh8j              n=  604 (0.8/hr) win=34.9% PF=0.50 NET=-194.2% maxDD=196.7% hold=480m | paruh -85.6/-108.5 | thn 2024:-21.0 2025:-74.9 2026:-98.3 | H2:-244.8 H3:18.0 H1/s.03:-218.3 | PFgross0=1.13
1h  mr k=1.5 mean                  n=  546 (0.7/hr) win=28.9% PF=0.45 NET=-226.3% maxDD=228.0% hold=300m | paruh -103.7/-122.6 | thn 2024:-20.4 2025:-96.7 2026:-109.2 | H2:-259.9 H3:-30.8 H1/s.03:-248.1 | PFgross0=0.95
1h  mr k=1.5 mean mh8j             n=  553 (0.8/hr) win=28.6% PF=0.53 NET=-155.1% maxDD=156.2% hold=300m | paruh -79.6/-75.5 | thn 2024:-7.1 2025:-83.9 2026:-64.0 | H2:-189.4 H3:-19.8 H1/s.03:-177.2 | PFgross0=0.98
1h  mr k=1.5 trail                 n=  535 (0.7/hr) win=17.9% PF=0.36 NET=-198.4% maxDD=202.7% hold=180m | paruh -93.7/-104.8 | thn 2024:-20.8 2025:-90.9 2026:-86.7 | H2:-228.1 H3:-32.3 H1/s.03:-219.8 | PFgross0=0.91
1h  mr k=1.5 trail mh8j            n=  555 (0.8/hr) win=24.1% PF=0.48 NET=-141.5% maxDD=144.7% hold=180m | paruh -73.1/-68.4 | thn 2024:-12.6 2025:-66.7 2026:-62.2 | H2:-170.1 H3:-29.3 H1/s.03:-163.7 | PFgross0=0.92
1h  mr k=2 mean                    n=  523 (0.7/hr) win=32.3% PF=0.41 NET=-268.6% maxDD=269.0% hold=420m | paruh -118.0/-150.6 | thn 2024:-31.2 2025:-109.7 2026:-127.7 | H2:-307.4 H3:-47.1 H1/s.03:-289.5 | PFgross0=0.90
1h  mr k=2 mean mh8j               n=  533 (0.7/hr) win=31.5% PF=0.53 NET=-163.6% maxDD=164.6% hold=420m | paruh -78.0/-85.6 | thn 2024:-5.9 2025:-84.4 2026:-73.4 | H2:-202.0 H3:-20.5 H1/s.03:-184.9 | PFgross0=0.97
1h  mr k=2 trail                   n=  468 (0.6/hr) win=16.5% PF=0.22 NET=-329.8% maxDD=331.3% hold=360m | paruh -149.9/-179.9 | thn 2024:-42.9 2025:-144.5 2026:-142.4 | H2:-355.8 H3:-51.5 H1/s.03:-348.5 | PFgross0=0.85
1h  mr k=2 trail mh8j              n=  534 (0.7/hr) win=25.3% PF=0.44 NET=-184.0% maxDD=185.8% hold=360m | paruh -83.3/-100.6 | thn 2024:-16.3 2025:-81.7 2026:-85.9 | H2:-212.6 H3:-40.4 H1/s.03:-205.3 | PFgross0=0.89
1h  mr k=3 mean                    n=  477 (0.7/hr) win=36.3% PF=0.39 NET=-295.8% maxDD=295.8% hold=540m | paruh -128.7/-167.1 | thn 2024:-22.3 2025:-132.2 2026:-141.3 | H2:-327.8 H3:-27.3 H1/s.03:-314.9 | PFgross0=0.96
1h  mr k=3 mean mh8j               n=  498 (0.7/hr) win=34.1% PF=0.51 NET=-172.8% maxDD=172.8% hold=480m | paruh -94.5/-78.4 | thn 2024:-12.6 2025:-93.7 2026:-66.6 | H2:-207.2 H3:-12.1 H1/s.03:-192.8 | PFgross0=1.00
1h  mr k=3 trail                   n=  359 (0.5/hr) win=12.0% PF=0.12 NET=-533.8% maxDD=533.8% hold=780m | paruh -247.2/-286.5 | thn 2024:-54.4 2025:-256.3 2026:-223.1 | H2:-561.5 H3:-75.6 H1/s.03:-548.1 | PFgross0=0.80
1h  mr k=3 trail mh8j              n=  495 (0.7/hr) win=29.1% PF=0.47 NET=-179.9% maxDD=180.5% hold=480m | paruh -87.9/-92.1 | thn 2024:-16.1 2025:-88.6 2026:-75.2 | H2:-210.8 H3:-6.5 H1/s.03:-199.7 | PFgross0=1.03
1h  mr+trend k=1.5 mean            n=  111 (0.2/hr) win=27.0% PF=0.37 NET=-51.6% maxDD=54.4% hold=300m | paruh -17.9/-33.7 | thn 2024:-4.8 2025:-19.5 2026:-27.2 | H2:-58.4 H3:-14.3 H1/s.03:-56.0 | PFgross0=0.80
1h  mr+trend k=1.5 mean mh8j       n=  113 (0.2/hr) win=27.4% PF=0.47 NET=-35.2% maxDD=39.9% hold=300m | paruh -15.8/-19.4 | thn 2024:-2.7 2025:-19.2 2026:-13.3 | H2:-42.4 H3:-8.2 H1/s.03:-39.7 | PFgross0=0.89
1h  mr+trend k=1.5 trail           n=  115 (0.2/hr) win=17.4% PF=0.17 NET=-55.1% maxDD=55.1% hold=240m | paruh -21.6/-33.6 | thn 2024:-3.4 2025:-23.1 2026:-28.7 | H2:-62.6 H3:-21.8 H1/s.03:-59.7 | PFgross0=0.58
1h  mr+trend k=1.5 trail mh8j      n=  116 (0.2/hr) win=22.4% PF=0.25 NET=-42.9% maxDD=42.9% hold=240m | paruh -19.4/-23.4 | thn 2024:-2.8 2025:-19.1 2026:-20.9 | H2:-51.6 H3:-20.3 H1/s.03:-47.5 | PFgross0=0.59
1h  mr+trend k=2 mean              n=  107 (0.1/hr) win=30.8% PF=0.36 NET=-58.8% maxDD=60.5% hold=420m | paruh -14.5/-44.3 | thn 2024:-5.6 2025:-19.2 2026:-33.9 | H2:-65.2 H3:-10.8 H1/s.03:-63.1 | PFgross0=0.87
1h  mr+trend k=2 mean mh8j         n=  111 (0.2/hr) win=29.7% PF=0.49 NET=-36.1% maxDD=40.8% hold=420m | paruh -14.9/-21.3 | thn 2024:-2.6 2025:-18.1 2026:-15.5 | H2:-43.1 H3:-5.3 H1/s.03:-40.6 | PFgross0=0.95
1h  mr+trend k=2 trail             n=  112 (0.2/hr) win=18.8% PF=0.25 NET=-71.2% maxDD=76.1% hold=360m | paruh -18.7/-52.4 | thn 2024:-3.2 2025:-22.9 2026:-45.1 | H2:-79.7 H3:-8.5 H1/s.03:-75.7 | PFgross0=0.91
1h  mr+trend k=2 trail mh8j        n=  114 (0.2/hr) win=25.4% PF=0.42 NET=-37.9% maxDD=44.9% hold=420m | paruh -11.1/-26.8 | thn 2024:-1.1 2025:-14.5 2026:-22.3 | H2:-46.8 H3:-7.5 H1/s.03:-42.5 | PFgross0=0.90
1h  mr+trend k=3 mean              n=  101 (0.1/hr) win=34.7% PF=0.34 NET=-64.2% maxDD=64.8% hold=540m | paruh -16.2/-48.0 | thn 2024:-5.7 2025:-24.0 2026:-34.5 | H2:-70.7 H3:-4.4 H1/s.03:-68.2 | PFgross0=0.98
1h  mr+trend k=3 mean mh8j         n=  107 (0.1/hr) win=33.6% PF=0.46 NET=-40.6% maxDD=41.4% hold=480m | paruh -19.2/-21.4 | thn 2024:-5.3 2025:-20.0 2026:-15.3 | H2:-45.9 H3:-3.8 H1/s.03:-44.9 | PFgross0=0.98
1h  mr+trend k=3 trail             n=   97 (0.1/hr) win=14.4% PF=0.14 NET=-135.6% maxDD=135.6% hold=1020m | paruh -54.7/-80.9 | thn 2024:-9.8 2025:-55.8 2026:-70.0 | H2:-141.5 H3:-9.7 H1/s.03:-139.5 | PFgross0=0.93
1h  mr+trend k=3 trail mh8j        n=  108 (0.1/hr) win=28.7% PF=0.34 NET=-52.1% maxDD=54.4% hold=480m | paruh -22.7/-29.4 | thn 2024:-5.0 2025:-24.4 2026:-22.7 | H2:-56.0 H3:-10.4 H1/s.03:-56.4 | PFgross0=0.86
1h  sqz k=1.5 trail                n=  124 (0.2/hr) win=30.6% PF=0.51 NET=-24.8% maxDD=28.0% hold=240m | paruh -18.1/-6.7 | thn 2024:-7.2 2025:-12.7 2026:-4.9 | H2:-32.9 H3:11.4 H1/s.03:-29.8 | PFgross0=1.49
1h  sqz k=1.5 trail mh8j           n=  126 (0.2/hr) win=32.5% PF=0.52 NET=-22.9% maxDD=23.7% hold=240m | paruh -14.2/-8.7 | thn 2024:-6.8 2025:-11.3 2026:-4.8 | H2:-30.9 H3:3.6 H1/s.03:-27.9 | PFgross0=1.23
1h  sqz k=2 trail                  n=  117 (0.2/hr) win=23.1% PF=0.37 NET=-46.8% maxDD=48.6% hold=360m | paruh -23.6/-23.1 | thn 2024:-9.1 2025:-22.7 2026:-15.0 | H2:-51.3 H3:17.4 H1/s.03:-51.4 | PFgross0=1.62
1h  sqz k=2 trail mh8j             n=  125 (0.2/hr) win=32.0% PF=0.60 NET=-21.2% maxDD=21.5% hold=420m | paruh -12.2/-9.0 | thn 2024:-6.8 2025:-10.6 2026:-3.9 | H2:-29.2 H3:15.5 H1/s.03:-26.2 | PFgross0=1.63
1h  sqz k=3 trail                  n=  102 (0.1/hr) win=23.5% PF=0.23 NET=-94.6% maxDD=94.6% hold=1020m | paruh -49.9/-44.7 | thn 2024:-12.8 2025:-45.5 2026:-36.4 | H2:-98.8 H3:35.7 H1/s.03:-98.7 | PFgross0=1.96
1h  sqz k=3 trail mh8j             n=  124 (0.2/hr) win=35.5% PF=0.53 NET=-29.5% maxDD=29.8% hold=480m | paruh -17.2/-12.4 | thn 2024:-6.1 2025:-15.9 2026:-7.5 | H2:-39.4 H3:14.1 H1/s.03:-34.5 | PFgross0=1.49
1h  fvg w>=0.05                    n= 1159 (1.6/hr) win=24.7% PF=0.28 NET=-544.3% maxDD=544.3% hold=180m | paruh -297.2/-247.1 | thn 2024:-45.9 2025:-324.1 2026:-174.3 | H2:-616.5 H3:18.7 H1/s.03:-590.7 | PFgross0=1.15
1h  fvg w>=0.1                     n=  976 (1.3/hr) win=25.8% PF=0.27 NET=-531.6% maxDD=531.6% hold=180m | paruh -307.9/-223.8 | thn 2024:-45.1 2025:-321.9 2026:-164.7 | H2:-593.0 H3:25.0 H1/s.03:-570.7 | PFgross0=1.16
1h  fvg w>=0.3                     n=  483 (0.7/hr) win=23.6% PF=0.22 NET=-474.2% maxDD=474.2% hold=360m | paruh -261.5/-212.7 | thn 2024:-38.5 2025:-295.1 2026:-140.6 | H2:-507.3 H3:22.7 H1/s.03:-493.5 | PFgross0=1.17
-> NET positif (H1 slip.01): 0/171

=== OUT-OF-SAMPLE Sep 2019 - Sep 2024: 10 terbaik in-sample (H1 slip.01), parameter PERSIS ===
5m  mr+trend k=2 trail             IS NET=-13.1% PF=0.90 || OOS n= 2378 (1.3/hr) win=33.6% PF=0.87 NET=-67.0% maxDD=80.2% hold=40m | paruh -0.2/-66.8 | thn 2019:-10.8 2020:-23.2 2021:38.0 2022:-31.1 2023:-27.7 2024:-12.2 | OOS H3 NET=49.2% | DSR(IS)=0.0%
5m  mr+trend k=2 trail mh8j        IS NET=-13.3% PF=0.90 || OOS n= 2378 (1.3/hr) win=33.6% PF=0.87 NET=-65.8% maxDD=79.0% hold=40m | paruh -0.2/-65.6 | thn 2019:-10.8 2020:-23.2 2021:38.0 2022:-30.5 2023:-27.2 2024:-12.2 | OOS H3 NET=49.8% | DSR(IS)=0.0%
5m  mr+trend k=1.5 trail           IS NET=-15.1% PF=0.85 || OOS n= 2441 (1.3/hr) win=35.6% PF=0.87 NET=-49.8% maxDD=50.5% hold=25m | paruh -7.4/-42.4 | thn 2019:-8.3 2020:-25.5 2021:27.1 2022:-17.4 2023:-15.3 2024:-10.5 | OOS H3 NET=17.3% | DSR(IS)=0.0%
5m  mr+trend k=1.5 trail mh8j      IS NET=-15.2% PF=0.85 || OOS n= 2441 (1.3/hr) win=35.6% PF=0.87 NET=-49.8% maxDD=50.5% hold=25m | paruh -7.4/-42.4 | thn 2019:-8.3 2020:-25.5 2021:27.1 2022:-17.4 2023:-15.3 2024:-10.5 | OOS H3 NET=17.3% | DSR(IS)=0.0%
15m mr+trend k=1.5 mean            IS NET=-16.4% PF=0.84 || OOS n= 1044 (0.6/hr) win=44.4% PF=0.80 NET=-77.3% maxDD=77.6% hold=90m | paruh -14.1/-63.2 | thn 2019:-1.2 2020:-30.6 2021:13.3 2022:-1.3 2023:-26.7 2024:-30.7 | OOS H3 NET=31.0% | DSR(IS)=0.0%
15m mr+trend k=1.5 mean mh8j       IS NET=-16.4% PF=0.84 || OOS n= 1044 (0.6/hr) win=44.4% PF=0.80 NET=-77.3% maxDD=77.6% hold=90m | paruh -14.1/-63.2 | thn 2019:-1.2 2020:-30.6 2021:13.3 2022:-1.3 2023:-26.7 2024:-30.7 | OOS H3 NET=31.0% | DSR(IS)=0.0%
15m mr+trend k=1.5 trail mh8j      IS NET=-17.6% PF=0.79 || OOS n= 1063 (0.6/hr) win=31.0% PF=0.66 NET=-110.5% maxDD=110.5% hold=75m | paruh -40.2/-70.3 | thn 2019:-7.5 2020:-37.5 2021:12.3 2022:-30.1 2023:-25.3 2024:-22.3 | OOS H3 NET=-9.5% | DSR(IS)=0.0%
15m mr+trend k=1.5 trail           IS NET=-19.3% PF=0.78 || OOS n= 1062 (0.6/hr) win=30.6% PF=0.65 NET=-114.3% maxDD=114.3% hold=75m | paruh -42.2/-72.1 | thn 2019:-7.5 2020:-38.1 2021:11.8 2022:-31.7 2023:-25.0 2024:-23.7 | OOS H3 NET=-11.9% | DSR(IS)=0.0%
5m  mr+trend k=1.5 mean            IS NET=-20.2% PF=0.86 || OOS n= 2403 (1.3/hr) win=49.9% PF=0.97 NET=-17.0% maxDD=34.4% hold=30m | paruh -2.0/-15.0 | thn 2019:-4.3 2020:-14.0 2021:21.9 2022:0.7 2023:-13.1 2024:-8.2 | OOS H3 NET=48.6% | DSR(IS)=0.0%
5m  mr+trend k=1.5 mean mh8j       IS NET=-20.2% PF=0.86 || OOS n= 2403 (1.3/hr) win=49.9% PF=0.97 NET=-17.0% maxDD=34.4% hold=30m | paruh -2.0/-15.0 | thn 2019:-4.3 2020:-14.0 2021:21.9 2022:0.7 2023:-13.1 2024:-8.2 | OOS H3 NET=48.6% | DSR(IS)=0.0%
-> lolos OOS (NET > 0): 0/10
exit 0


######## NINJA_BC_SCEN='H3 slip.01' ########
=== IN-SAMPLE Sep 2024 - Sep 2026: 171 kombinasi (kumulatif 433) ===
Kolom: skenario H3 slip.01 (utama) | NET skenario lain | gross tanpa biaya
5m  donchian-20 k=1.5              n=11759 (16.1/hr) win=32.9% PF=0.80 NET=-259.7% maxDD=261.4% hold=20m | paruh -134.9/-124.9 | thn 2024:-29.2 2025:-127.3 2026:-103.3 | H1:-502.8 H2:-554.6 H1/s.03:-973.1 | PFgross0=0.98
5m  donchian-20 k=1.5 mh8j         n=11760 (16.1/hr) win=32.8% PF=0.80 NET=-260.0% maxDD=261.6% hold=20m | paruh -135.1/-124.9 | thn 2024:-29.2 2025:-127.5 2026:-103.3 | H1:-503.0 H2:-554.7 H1/s.03:-973.4 | PFgross0=0.98
5m  donchian-20 k=2                n= 9892 (13.6/hr) win=33.4% PF=0.82 NET=-245.5% maxDD=248.4% hold=30m | paruh -133.1/-112.4 | thn 2024:-35.8 2025:-113.0 2026:-96.6 | H1:-599.7 H2:-658.3 H1/s.03:-995.4 | PFgross0=0.97
5m  donchian-20 k=2 mh8j           n= 9904 (13.6/hr) win=33.4% PF=0.82 NET=-243.6% maxDD=246.5% hold=30m | paruh -131.5/-112.1 | thn 2024:-35.1 2025:-112.7 2026:-95.8 | H1:-597.9 H2:-655.7 H1/s.03:-994.1 | PFgross0=0.97
5m  donchian-20 k=3                n= 6758 (9.3/hr) win=34.3% PF=0.84 NET=-214.3% maxDD=217.7% hold=60m | paruh -97.9/-116.5 | thn 2024:-30.7 2025:-95.1 2026:-88.5 | H1:-818.5 H2:-866.2 H1/s.03:-1088.8 | PFgross0=0.95
5m  donchian-20 k=3 mh8j           n= 7035 (9.6/hr) win=34.4% PF=0.84 NET=-219.9% maxDD=223.3% hold=60m | paruh -97.0/-122.9 | thn 2024:-33.4 2025:-94.9 2026:-91.6 | H1:-804.9 H2:-854.1 H1/s.03:-1086.3 | PFgross0=0.95
5m  donchian-50 k=1.5              n= 6968 (9.5/hr) win=32.7% PF=0.79 NET=-168.8% maxDD=171.9% hold=15m | paruh -96.3/-72.5 | thn 2024:-23.2 2025:-76.9 2026:-68.7 | H1:-312.3 H2:-319.7 H1/s.03:-591.1 | PFgross0=0.96
5m  donchian-50 k=1.5 mh8j         n= 6968 (9.5/hr) win=32.7% PF=0.79 NET=-168.8% maxDD=171.9% hold=15m | paruh -96.3/-72.5 | thn 2024:-23.2 2025:-76.9 2026:-68.7 | H1:-312.3 H2:-319.7 H1/s.03:-591.1 | PFgross0=0.96
5m  donchian-50 k=2                n= 5979 (8.2/hr) win=33.6% PF=0.83 NET=-146.8% maxDD=149.3% hold=25m | paruh -88.3/-58.4 | thn 2024:-31.3 2025:-57.0 2026:-58.5 | H1:-350.6 H2:-361.4 H1/s.03:-589.8 | PFgross0=0.97
5m  donchian-50 k=2 mh8j           n= 5983 (8.2/hr) win=33.6% PF=0.83 NET=-146.6% maxDD=149.1% hold=25m | paruh -88.3/-58.3 | thn 2024:-30.8 2025:-57.3 2026:-58.5 | H1:-350.5 H2:-361.0 H1/s.03:-589.8 | PFgross0=0.97
5m  donchian-50 k=3                n= 4576 (6.3/hr) win=34.2% PF=0.83 NET=-157.4% maxDD=162.5% hold=50m | paruh -73.7/-83.7 | thn 2024:-34.1 2025:-50.3 2026:-73.0 | H1:-536.2 H2:-538.5 H1/s.03:-719.2 | PFgross0=0.93
5m  donchian-50 k=3 mh8j           n= 4650 (6.4/hr) win=34.4% PF=0.83 NET=-156.7% maxDD=162.2% hold=50m | paruh -72.1/-84.6 | thn 2024:-36.1 2025:-44.2 2026:-76.5 | H1:-525.2 H2:-528.1 H1/s.03:-711.2 | PFgross0=0.94
5m  sweep-20 k=1.5                 n=12095 (16.6/hr) win=35.3% PF=0.93 NET=-92.9% maxDD=100.5% hold=25m | paruh -63.2/-29.7 | thn 2024:-17.2 2025:-53.3 2026:-22.4 | H1:-438.9 H2:-492.1 H1/s.03:-922.7 | PFgross0=1.14
5m  sweep-20 k=1.5 mh8j            n=12094 (16.6/hr) win=35.3% PF=0.93 NET=-92.4% maxDD=100.0% hold=25m | paruh -62.8/-29.6 | thn 2024:-17.1 2025:-52.8 2026:-22.4 | H1:-438.3 H2:-491.5 H1/s.03:-922.1 | PFgross0=1.14
5m  sweep-20 k=2                   n= 9710 (13.3/hr) win=35.3% PF=0.88 NET=-165.1% maxDD=170.6% hold=35m | paruh -115.6/-49.6 | thn 2024:-27.4 2025:-101.9 2026:-35.8 | H1:-645.8 H2:-697.7 H1/s.03:-1034.2 | PFgross0=1.03
5m  sweep-20 k=2 mh8j              n= 9784 (13.4/hr) win=35.3% PF=0.88 NET=-164.6% maxDD=170.1% hold=35m | paruh -115.1/-49.5 | thn 2024:-26.9 2025:-101.7 2026:-36.1 | H1:-641.4 H2:-692.2 H1/s.03:-1032.8 | PFgross0=1.03
5m  sweep-20 k=3                   n= 5769 (7.9/hr) win=36.4% PF=1.00 NET=-3.5% maxDD=46.4% hold=75m | paruh -21.5/17.9 | thn 2024:14.3 2025:-27.0 2026:9.1 | H1:-707.2 H2:-760.0 H1/s.03:-937.9 | PFgross0=1.11
5m  sweep-20 k=3 mh8j              n= 6327 (8.7/hr) win=36.8% PF=1.00 NET=-5.9% maxDD=46.7% hold=70m | paruh -15.4/9.5 | thn 2024:13.5 2025:-28.0 2026:8.6 | H1:-672.8 H2:-727.8 H1/s.03:-925.9 | PFgross0=1.11
5m  sweep-50 k=1.5                 n= 7893 (10.8/hr) win=35.4% PF=0.91 NET=-80.3% maxDD=84.9% hold=20m | paruh -44.7/-35.7 | thn 2024:-14.5 2025:-41.0 2026:-24.8 | H1:-306.2 H2:-330.8 H1/s.03:-622.0 | PFgross0=1.10
5m  sweep-50 k=1.5 mh8j            n= 7893 (10.8/hr) win=35.4% PF=0.91 NET=-80.3% maxDD=84.8% hold=20m | paruh -44.6/-35.7 | thn 2024:-14.4 2025:-41.0 2026:-24.8 | H1:-306.1 H2:-330.7 H1/s.03:-621.9 | PFgross0=1.10
5m  sweep-50 k=2                   n= 6851 (9.4/hr) win=34.9% PF=0.85 NET=-154.4% maxDD=157.4% hold=35m | paruh -87.8/-66.7 | thn 2024:-13.2 2025:-97.1 2026:-44.1 | H1:-506.3 H2:-523.8 H1/s.03:-780.3 | PFgross0=0.99
5m  sweep-50 k=2 mh8j              n= 6894 (9.4/hr) win=34.9% PF=0.85 NET=-151.4% maxDD=154.4% hold=35m | paruh -86.8/-64.7 | thn 2024:-12.4 2025:-95.9 2026:-43.1 | H1:-498.4 H2:-514.6 H1/s.03:-774.1 | PFgross0=0.99
5m  sweep-50 k=3                   n= 4592 (6.3/hr) win=35.6% PF=0.93 NET=-72.3% maxDD=81.6% hold=70m | paruh -36.9/-35.4 | thn 2024:3.6 2025:-44.0 2026:-31.9 | H1:-663.7 H2:-675.1 H1/s.03:-847.4 | PFgross0=1.03
5m  sweep-50 k=3 mh8j              n= 4988 (6.8/hr) win=35.9% PF=0.92 NET=-85.4% maxDD=90.0% hold=70m | paruh -42.4/-43.1 | thn 2024:-0.8 2025:-48.8 2026:-35.8 | H1:-629.3 H2:-644.1 H1/s.03:-828.8 | PFgross0=1.03
5m  mr k=1.5 mean                  n= 5145 (7.0/hr) win=40.5% PF=0.90 NET=-79.1% maxDD=80.7% hold=25m | paruh -38.4/-40.7 | thn 2024:-9.5 2025:-28.1 2026:-41.4 | H1:-215.4 H2:-251.1 H1/s.03:-421.2 | PFgross0=1.04
5m  mr k=1.5 mean mh8j             n= 5145 (7.0/hr) win=40.5% PF=0.90 NET=-79.1% maxDD=80.7% hold=25m | paruh -38.4/-40.7 | thn 2024:-9.5 2025:-28.1 2026:-41.4 | H1:-215.4 H2:-251.1 H1/s.03:-421.2 | PFgross0=1.04
5m  mr k=1.5 trail                 n= 5198 (7.1/hr) win=35.7% PF=0.94 NET=-32.9% maxDD=40.4% hold=15m | paruh -14.7/-18.2 | thn 2024:-1.1 2025:-7.9 2026:-23.9 | H1:-128.9 H2:-174.3 H1/s.03:-336.8 | PFgross0=1.15
5m  mr k=1.5 trail mh8j            n= 5199 (7.1/hr) win=35.7% PF=0.94 NET=-33.1% maxDD=40.6% hold=15m | paruh -14.7/-18.4 | thn 2024:-1.1 2025:-7.9 2026:-24.1 | H1:-129.1 H2:-174.4 H1/s.03:-337.1 | PFgross0=1.15
5m  mr k=2 mean                    n= 4961 (6.8/hr) win=47.9% PF=0.91 NET=-74.1% maxDD=80.8% hold=35m | paruh -46.0/-28.1 | thn 2024:-8.6 2025:-33.9 2026:-31.6 | H1:-238.8 H2:-271.4 H1/s.03:-437.2 | PFgross0=1.03
5m  mr k=2 mean mh8j               n= 4961 (6.8/hr) win=47.9% PF=0.91 NET=-74.1% maxDD=80.8% hold=35m | paruh -46.0/-28.1 | thn 2024:-8.6 2025:-33.9 2026:-31.6 | H1:-238.8 H2:-271.4 H1/s.03:-437.2 | PFgross0=1.03
5m  mr k=2 trail                   n= 4801 (6.6/hr) win=35.8% PF=0.99 NET=-6.0% maxDD=33.2% hold=25m | paruh -13.4/7.4 | thn 2024:8.3 2025:-5.5 2026:-8.8 | H1:-174.6 H2:-226.3 H1/s.03:-366.6 | PFgross0=1.16
5m  mr k=2 trail mh8j              n= 4817 (6.6/hr) win=35.8% PF=0.99 NET=-5.4% maxDD=33.1% hold=25m | paruh -11.4/6.0 | thn 2024:8.3 2025:-5.2 2026:-8.5 | H1:-171.5 H2:-223.1 H1/s.03:-364.1 | PFgross0=1.16
5m  mr k=3 mean                    n= 4721 (6.5/hr) win=56.6% PF=0.93 NET=-64.8% maxDD=69.5% hold=45m | paruh -43.0/-21.8 | thn 2024:-10.4 2025:-25.6 2026:-28.8 | H1:-272.5 H2:-299.0 H1/s.03:-461.4 | PFgross0=1.04
5m  mr k=3 mean mh8j               n= 4721 (6.5/hr) win=56.6% PF=0.93 NET=-64.8% maxDD=69.5% hold=45m | paruh -43.0/-21.8 | thn 2024:-10.4 2025:-25.6 2026:-28.8 | H1:-272.5 H2:-299.0 H1/s.03:-461.4 | PFgross0=1.04
5m  mr k=3 trail                   n= 3799 (5.2/hr) win=36.4% PF=0.97 NET=-21.0% maxDD=48.2% hold=55m | paruh -1.0/-20.0 | thn 2024:-0.4 2025:4.0 2026:-24.6 | H1:-368.9 H2:-420.9 H1/s.03:-520.9 | PFgross0=1.09
5m  mr k=3 trail mh8j              n= 3933 (5.4/hr) win=36.4% PF=0.99 NET=-8.8% maxDD=50.5% hold=55m | paruh 13.5/-22.3 | thn 2024:5.0 2025:6.7 2026:-20.4 | H1:-337.6 H2:-387.1 H1/s.03:-494.9 | PFgross0=1.11
5m  mr+trend k=1.5 mean            n=  903 (1.2/hr) win=45.5% PF=1.01 NET=1.3% maxDD=12.8% hold=30m | paruh 9.7/-8.3 | thn 2024:1.8 2025:9.6 2026:-10.2 | H1:-20.2 H2:-32.3 H1/s.03:-56.3 | PFgross0=1.17
5m  mr+trend k=1.5 mean mh8j       n=  903 (1.2/hr) win=45.5% PF=1.01 NET=1.3% maxDD=12.8% hold=30m | paruh 9.7/-8.3 | thn 2024:1.8 2025:9.6 2026:-10.2 | H1:-20.2 H2:-32.3 H1/s.03:-56.3 | PFgross0=1.17
5m  mr+trend k=1.5 trail           n=  910 (1.2/hr) win=35.7% PF=0.99 NET=-1.4% maxDD=8.6% hold=20m | paruh 3.6/-4.9 | thn 2024:-1.5 2025:6.7 2026:-6.5 | H1:-15.1 H2:-31.1 H1/s.03:-51.5 | PFgross0=1.21
5m  mr+trend k=1.5 trail mh8j      n=  910 (1.2/hr) win=35.7% PF=0.98 NET=-1.5% maxDD=8.8% hold=20m | paruh 3.6/-5.1 | thn 2024:-1.5 2025:6.7 2026:-6.6 | H1:-15.2 H2:-31.1 H1/s.03:-51.6 | PFgross0=1.21
5m  mr+trend k=2 mean              n=  888 (1.2/hr) win=52.7% PF=1.02 NET=2.2% maxDD=12.1% hold=40m | paruh 7.8/-5.6 | thn 2024:3.8 2025:5.8 2026:-7.3 | H1:-25.7 H2:-37.2 H1/s.03:-61.2 | PFgross0=1.16
5m  mr+trend k=2 mean mh8j         n=  888 (1.2/hr) win=52.7% PF=1.02 NET=2.2% maxDD=12.1% hold=40m | paruh 7.8/-5.6 | thn 2024:3.8 2025:5.8 2026:-7.3 | H1:-25.7 H2:-37.2 H1/s.03:-61.2 | PFgross0=1.16
5m  mr+trend k=2 trail             n=  893 (1.2/hr) win=37.8% PF=1.13 NET=13.9% maxDD=7.1% hold=35m | paruh 6.6/7.3 | thn 2024:4.5 2025:8.4 2026:1.0 | H1:-13.1 H2:-34.4 H1/s.03:-48.8 | PFgross0=1.32
5m  mr+trend k=2 trail mh8j        n=  893 (1.2/hr) win=37.8% PF=1.12 NET=13.6% maxDD=7.1% hold=35m | paruh 6.6/7.0 | thn 2024:4.5 2025:8.4 2026:0.8 | H1:-13.3 H2:-34.4 H1/s.03:-49.0 | PFgross0=1.32
5m  mr+trend k=3 mean              n=  879 (1.2/hr) win=60.8% PF=1.11 NET=14.6% maxDD=6.3% hold=50m | paruh 11.2/3.3 | thn 2024:3.6 2025:6.4 2026:4.6 | H1:-22.2 H2:-33.2 H1/s.03:-57.3 | PFgross0=1.26
5m  mr+trend k=3 mean mh8j         n=  879 (1.2/hr) win=60.8% PF=1.11 NET=14.6% maxDD=6.3% hold=50m | paruh 11.2/3.3 | thn 2024:3.6 2025:6.4 2026:4.6 | H1:-22.2 H2:-33.2 H1/s.03:-57.3 | PFgross0=1.26
5m  mr+trend k=3 trail             n=  838 (1.1/hr) win=37.8% PF=1.15 NET=24.0% maxDD=12.9% hold=75m | paruh 13.6/10.4 | thn 2024:9.1 2025:5.2 2026:9.7 | H1:-50.0 H2:-70.4 H1/s.03:-83.5 | PFgross0=1.29
5m  mr+trend k=3 trail mh8j        n=  840 (1.2/hr) win=38.0% PF=1.15 NET=24.1% maxDD=12.8% hold=75m | paruh 14.5/9.5 | thn 2024:9.6 2025:5.6 2026:8.8 | H1:-49.4 H2:-68.1 H1/s.03:-83.0 | PFgross0=1.29
5m  sqz k=1.5 trail                n= 1453 (2.0/hr) win=35.4% PF=0.95 NET=-5.6% maxDD=13.5% hold=20m | paruh 2.8/-8.4 | thn 2024:1.5 2025:-4.1 2026:-2.9 | H1:-34.5 H2:-43.8 H1/s.03:-92.6 | PFgross0=1.24
5m  sqz k=1.5 trail mh8j           n= 1453 (2.0/hr) win=35.4% PF=0.95 NET=-5.6% maxDD=13.5% hold=20m | paruh 2.8/-8.4 | thn 2024:1.5 2025:-4.1 2026:-2.9 | H1:-34.5 H2:-43.8 H1/s.03:-92.6 | PFgross0=1.24
5m  sqz k=2 trail                  n= 1408 (1.9/hr) win=36.2% PF=1.03 NET=3.7% maxDD=9.5% hold=30m | paruh 9.2/-5.5 | thn 2024:-1.2 2025:5.3 2026:-0.4 | H1:-43.8 H2:-55.4 H1/s.03:-100.1 | PFgross0=1.26
5m  sqz k=2 trail mh8j             n= 1408 (1.9/hr) win=36.2% PF=1.03 NET=4.5% maxDD=9.4% hold=30m | paruh 9.1/-4.7 | thn 2024:-1.2 2025:5.2 2026:0.4 | H1:-43.1 H2:-54.5 H1/s.03:-99.4 | PFgross0=1.27
5m  sqz k=3 trail                  n= 1276 (1.7/hr) win=34.8% PF=0.88 NET=-23.0% maxDD=36.2% hold=55m | paruh 2.6/-25.6 | thn 2024:-0.1 2025:-8.4 2026:-14.5 | H1:-127.3 H2:-130.7 H1/s.03:-178.4 | PFgross0=1.03
5m  sqz k=3 trail mh8j             n= 1281 (1.8/hr) win=34.9% PF=0.87 NET=-25.7% maxDD=36.9% hold=55m | paruh 0.4/-26.2 | thn 2024:0.1 2025:-10.7 2026:-15.1 | H1:-127.2 H2:-130.0 H1/s.03:-178.4 | PFgross0=1.01
5m  fvg w>=0.05                    n=12010 (16.5/hr) win=34.6% PF=0.87 NET=-194.2% maxDD=202.2% hold=25m | paruh -117.2/-77.0 | thn 2024:-36.2 2025:-111.9 2026:-46.0 | H1:-791.0 H2:-855.6 H1/s.03:-1271.4 | PFgross0=1.04
5m  fvg w>=0.1                     n= 6343 (8.7/hr) win=35.9% PF=0.92 NET=-88.3% maxDD=97.1% hold=35m | paruh -75.7/-12.6 | thn 2024:-30.0 2025:-52.1 2026:-6.3 | H1:-585.2 H2:-610.8 H1/s.03:-838.9 | PFgross0=1.05
5m  fvg w>=0.3                     n=  863 (1.2/hr) win=36.7% PF=0.97 NET=-7.8% maxDD=42.5% hold=95m | paruh -1.9/-5.9 | thn 2024:-14.0 2025:12.5 2026:-6.3 | H1:-228.8 H2:-232.0 H1/s.03:-263.3 | PFgross0=1.05
15m donchian-20 k=1.5              n= 3579 (4.9/hr) win=34.1% PF=0.82 NET=-124.6% maxDD=127.0% hold=60m | paruh -54.3/-70.2 | thn 2024:-23.7 2025:-32.0 2026:-68.8 | H1:-367.6 H2:-412.8 H1/s.03:-510.8 | PFgross0=0.93
15m donchian-20 k=1.5 mh8j         n= 3614 (5.0/hr) win=34.1% PF=0.82 NET=-127.2% maxDD=129.7% hold=60m | paruh -56.3/-70.9 | thn 2024:-25.2 2025:-33.4 2026:-68.6 | H1:-363.9 H2:-408.5 H1/s.03:-508.4 | PFgross0=0.92
15m donchian-20 k=2                n= 2987 (4.1/hr) win=34.0% PF=0.82 NET=-135.4% maxDD=137.8% hold=90m | paruh -67.5/-67.9 | thn 2024:-31.8 2025:-40.1 2026:-63.4 | H1:-513.7 H2:-551.5 H1/s.03:-633.2 | PFgross0=0.91
15m donchian-20 k=2 mh8j           n= 3101 (4.2/hr) win=34.3% PF=0.81 NET=-145.2% maxDD=147.6% hold=90m | paruh -67.6/-77.6 | thn 2024:-34.5 2025:-42.3 2026:-68.4 | H1:-503.9 H2:-539.6 H1/s.03:-627.9 | PFgross0=0.90
15m donchian-20 k=3                n= 1947 (2.7/hr) win=35.4% PF=0.90 NET=-74.8% maxDD=89.7% hold=195m | paruh -28.1/-46.7 | thn 2024:-11.1 2025:-13.8 2026:-49.8 | H1:-737.8 H2:-753.1 H1/s.03:-815.7 | PFgross0=0.97
15m donchian-20 k=3 mh8j           n= 2441 (3.3/hr) win=37.3% PF=0.88 NET=-95.1% maxDD=100.8% hold=195m | paruh -24.8/-70.2 | thn 2024:-19.7 2025:1.7 2026:-77.1 | H1:-662.0 H2:-678.3 H1/s.03:-759.7 | PFgross0=0.96
15m donchian-50 k=1.5              n= 2131 (2.9/hr) win=34.8% PF=0.85 NET=-64.3% maxDD=67.9% hold=45m | paruh -44.8/-19.5 | thn 2024:-19.6 2025:-23.1 2026:-21.6 | H1:-184.9 H2:-215.3 H1/s.03:-270.1 | PFgross0=0.95
15m donchian-50 k=1.5 mh8j         n= 2141 (2.9/hr) win=34.9% PF=0.86 NET=-64.2% maxDD=67.7% hold=45m | paruh -45.4/-18.7 | thn 2024:-20.0 2025:-22.8 2026:-21.3 | H1:-182.2 H2:-212.4 H1/s.03:-267.9 | PFgross0=0.95
15m donchian-50 k=2                n= 1854 (2.5/hr) win=33.9% PF=0.81 NET=-93.0% maxDD=97.7% hold=75m | paruh -64.2/-28.8 | thn 2024:-26.7 2025:-43.5 2026:-22.7 | H1:-297.8 H2:-317.8 H1/s.03:-372.0 | PFgross0=0.89
15m donchian-50 k=2 mh8j           n= 1885 (2.6/hr) win=34.3% PF=0.81 NET=-97.1% maxDD=102.1% hold=75m | paruh -65.8/-31.3 | thn 2024:-27.6 2025:-45.6 2026:-23.9 | H1:-290.2 H2:-310.3 H1/s.03:-365.6 | PFgross0=0.88
15m donchian-50 k=3                n= 1396 (1.9/hr) win=34.5% PF=0.88 NET=-62.7% maxDD=75.5% hold=165m | paruh -39.3/-23.4 | thn 2024:-12.1 2025:-39.9 2026:-10.6 | H1:-487.5 H2:-496.0 H1/s.03:-543.3 | PFgross0=0.95
15m donchian-50 k=3 mh8j           n= 1570 (2.2/hr) win=36.4% PF=0.87 NET=-70.3% maxDD=76.7% hold=165m | paruh -33.9/-36.4 | thn 2024:-10.3 2025:-25.4 2026:-34.6 | H1:-408.4 H2:-417.8 H1/s.03:-471.2 | PFgross0=0.94
15m sweep-20 k=1.5                 n= 4058 (5.6/hr) win=34.3% PF=0.88 NET=-95.9% maxDD=117.4% hold=60m | paruh -33.8/-62.0 | thn 2024:19.1 2025:-81.5 2026:-33.5 | H1:-482.5 H2:-533.1 H1/s.03:-644.8 | PFgross0=0.99
15m sweep-20 k=1.5 mh8j            n= 4143 (5.7/hr) win=34.6% PF=0.89 NET=-90.3% maxDD=113.6% hold=60m | paruh -29.7/-60.6 | thn 2024:20.8 2025:-80.5 2026:-30.6 | H1:-460.7 H2:-512.9 H1/s.03:-626.4 | PFgross0=1.00
15m sweep-20 k=2                   n= 3111 (4.3/hr) win=34.1% PF=0.96 NET=-30.9% maxDD=54.7% hold=105m | paruh -6.9/-24.0 | thn 2024:19.1 2025:-41.7 2026:-8.2 | H1:-573.8 H2:-611.5 H1/s.03:-698.2 | PFgross0=1.06
15m sweep-20 k=2 mh8j              n= 3380 (4.6/hr) win=35.2% PF=0.94 NET=-46.2% maxDD=63.0% hold=105m | paruh -25.0/-21.3 | thn 2024:13.0 2025:-49.9 2026:-9.3 | H1:-543.6 H2:-585.0 H1/s.03:-678.8 | PFgross0=1.04
15m sweep-20 k=3                   n= 1809 (2.5/hr) win=35.4% PF=1.00 NET=-2.9% maxDD=56.5% hold=240m | paruh 17.1/-20.0 | thn 2024:13.4 2025:-22.3 2026:6.0 | H1:-760.5 H2:-791.4 H1/s.03:-832.8 | PFgross0=1.07
15m sweep-20 k=3 mh8j              n= 2553 (3.5/hr) win=38.6% PF=0.93 NET=-57.6% maxDD=70.6% hold=225m | paruh -0.1/-57.5 | thn 2024:1.1 2025:-25.7 2026:-33.0 | H1:-696.1 H2:-731.9 H1/s.03:-798.2 | PFgross0=1.01
15m sweep-50 k=1.5                 n= 2720 (3.7/hr) win=34.8% PF=0.88 NET=-62.4% maxDD=77.1% hold=60m | paruh -21.0/-41.4 | thn 2024:14.5 2025:-45.9 2026:-31.1 | H1:-318.7 H2:-347.0 H1/s.03:-427.5 | PFgross0=0.99
15m sweep-50 k=1.5 mh8j            n= 2753 (3.8/hr) win=34.8% PF=0.89 NET=-60.5% maxDD=75.1% hold=60m | paruh -19.2/-41.2 | thn 2024:14.5 2025:-45.3 2026:-29.6 | H1:-304.5 H2:-332.8 H1/s.03:-414.6 | PFgross0=1.00
15m sweep-50 k=2                   n= 2262 (3.1/hr) win=35.0% PF=0.97 NET=-18.6% maxDD=33.0% hold=105m | paruh -0.7/-17.9 | thn 2024:11.0 2025:-19.6 2026:-10.0 | H1:-408.1 H2:-441.5 H1/s.03:-498.6 | PFgross0=1.06
15m sweep-50 k=2 mh8j              n= 2416 (3.3/hr) win=35.7% PF=0.94 NET=-39.1% maxDD=48.2% hold=105m | paruh -15.3/-23.8 | thn 2024:6.7 2025:-26.1 2026:-19.7 | H1:-384.6 H2:-412.7 H1/s.03:-481.2 | PFgross0=1.03
15m sweep-50 k=3                   n= 1490 (2.0/hr) win=35.3% PF=0.99 NET=-5.2% maxDD=41.7% hold=225m | paruh 22.4/-27.6 | thn 2024:13.8 2025:-8.9 2026:-10.1 | H1:-606.9 H2:-629.7 H1/s.03:-666.5 | PFgross0=1.07
15m sweep-50 k=3 mh8j              n= 1913 (2.6/hr) win=38.3% PF=0.93 NET=-44.3% maxDD=54.7% hold=225m | paruh -5.4/-38.9 | thn 2024:8.8 2025:-28.2 2026:-24.9 | H1:-516.6 H2:-539.6 H1/s.03:-593.2 | PFgross0=1.01
15m mr k=1.5 mean                  n= 1932 (2.6/hr) win=42.5% PF=0.98 NET=-8.8% maxDD=41.6% hold=75m | paruh 24.2/-32.9 | thn 2024:3.8 2025:5.6 2026:-18.1 | H1:-186.1 H2:-198.9 H1/s.03:-263.4 | PFgross0=1.07
15m mr k=1.5 mean mh8j             n= 1932 (2.6/hr) win=42.5% PF=0.98 NET=-8.8% maxDD=41.6% hold=75m | paruh 24.2/-32.9 | thn 2024:3.8 2025:5.6 2026:-18.1 | H1:-186.1 H2:-198.9 H1/s.03:-263.4 | PFgross0=1.07
15m mr k=1.5 trail                 n= 1925 (2.6/hr) win=35.4% PF=0.99 NET=-5.4% maxDD=29.5% hold=45m | paruh 5.1/-10.5 | thn 2024:7.5 2025:-14.7 2026:1.8 | H1:-149.0 H2:-172.3 H1/s.03:-226.0 | PFgross0=1.11
15m mr k=1.5 trail mh8j            n= 1948 (2.7/hr) win=35.5% PF=0.98 NET=-7.9% maxDD=28.9% hold=45m | paruh -0.7/-7.2 | thn 2024:2.3 2025:-14.5 2026:4.3 | H1:-141.2 H2:-164.9 H1/s.03:-219.1 | PFgross0=1.10
15m mr k=2 mean                    n= 1874 (2.6/hr) win=50.5% PF=1.01 NET=8.0% maxDD=33.2% hold=90m | paruh 27.6/-19.6 | thn 2024:0.8 2025:8.5 2026:-1.3 | H1:-209.1 H2:-211.7 H1/s.03:-284.0 | PFgross0=1.09
15m mr k=2 mean mh8j               n= 1874 (2.6/hr) win=50.5% PF=1.02 NET=8.5% maxDD=33.2% hold=90m | paruh 28.2/-19.6 | thn 2024:0.7 2025:9.1 2026:-1.3 | H1:-208.5 H2:-211.1 H1/s.03:-283.5 | PFgross0=1.10
15m mr k=2 trail                   n= 1743 (2.4/hr) win=35.9% PF=1.05 NET=19.6% maxDD=32.0% hold=75m | paruh 13.9/5.7 | thn 2024:18.7 2025:-19.0 2026:19.9 | H1:-228.3 H2:-244.6 H1/s.03:-298.0 | PFgross0=1.15
15m mr k=2 trail mh8j              n= 1822 (2.5/hr) win=36.9% PF=1.02 NET=10.6% maxDD=31.7% hold=75m | paruh 14.9/-4.3 | thn 2024:16.2 2025:-12.8 2026:7.2 | H1:-210.4 H2:-228.1 H1/s.03:-283.3 | PFgross0=1.13
15m mr k=3 mean                    n= 1764 (2.4/hr) win=59.0% PF=1.03 NET=17.7% maxDD=18.1% hold=120m | paruh 15.4/2.3 | thn 2024:0.4 2025:11.9 2026:5.4 | H1:-239.6 H2:-241.1 H1/s.03:-310.1 | PFgross0=1.11
15m mr k=3 mean mh8j               n= 1764 (2.4/hr) win=59.0% PF=1.03 NET=18.1% maxDD=18.7% hold=120m | paruh 16.3/1.7 | thn 2024:0.3 2025:12.3 2026:5.4 | H1:-238.7 H2:-240.3 H1/s.03:-309.3 | PFgross0=1.11
15m mr k=3 trail                   n= 1297 (1.8/hr) win=35.9% PF=1.14 NET=62.5% maxDD=36.8% hold=195m | paruh 49.4/13.2 | thn 2024:49.8 2025:-9.7 2026:22.4 | H1:-388.7 H2:-405.9 H1/s.03:-440.6 | PFgross0=1.22
15m mr k=3 trail mh8j              n= 1563 (2.1/hr) win=40.2% PF=1.11 NET=54.6% maxDD=24.0% hold=180m | paruh 56.6/-2.0 | thn 2024:41.4 2025:5.7 2026:7.6 | H1:-297.3 H2:-311.0 H1/s.03:-359.8 | PFgross0=1.19
15m mr+trend k=1.5 mean            n=  366 (0.5/hr) win=49.2% PF=1.20 NET=16.9% maxDD=5.7% hold=90m | paruh 9.9/7.0 | thn 2024:6.8 2025:2.1 2026:8.0 | H1:-16.4 H2:-21.5 H1/s.03:-31.0 | PFgross0=1.31
15m mr+trend k=1.5 mean mh8j       n=  366 (0.5/hr) win=49.2% PF=1.20 NET=16.9% maxDD=5.7% hold=90m | paruh 9.9/7.0 | thn 2024:6.8 2025:2.1 2026:8.0 | H1:-16.4 H2:-21.5 H1/s.03:-31.0 | PFgross0=1.31
15m mr+trend k=1.5 trail           n=  375 (0.5/hr) win=36.3% PF=1.17 NET=11.6% maxDD=8.0% hold=60m | paruh 4.9/6.6 | thn 2024:8.4 2025:-6.6 2026:9.8 | H1:-19.3 H2:-23.0 H1/s.03:-34.3 | PFgross0=1.32
15m mr+trend k=1.5 trail mh8j      n=  375 (0.5/hr) win=36.3% PF=1.19 NET=12.7% maxDD=8.0% hold=60m | paruh 4.9/7.8 | thn 2024:8.4 2025:-6.6 2026:11.0 | H1:-17.6 H2:-21.5 H1/s.03:-32.6 | PFgross0=1.34
15m mr+trend k=2 mean              n=  362 (0.5/hr) win=57.2% PF=1.21 NET=19.1% maxDD=5.8% hold=105m | paruh 10.4/8.7 | thn 2024:6.3 2025:1.1 2026:11.7 | H1:-21.5 H2:-26.1 H1/s.03:-36.0 | PFgross0=1.31
15m mr+trend k=2 mean mh8j         n=  362 (0.5/hr) win=57.2% PF=1.21 NET=19.1% maxDD=5.8% hold=105m | paruh 10.4/8.7 | thn 2024:6.3 2025:1.1 2026:11.7 | H1:-21.5 H2:-26.1 H1/s.03:-36.0 | PFgross0=1.31
15m mr+trend k=2 trail             n=  356 (0.5/hr) win=36.8% PF=1.08 NET=6.6% maxDD=17.3% hold=105m | paruh 1.2/5.3 | thn 2024:10.1 2025:-15.7 2026:12.1 | H1:-47.3 H2:-52.5 H1/s.03:-61.6 | PFgross0=1.19
15m mr+trend k=2 trail mh8j        n=  361 (0.5/hr) win=38.2% PF=1.04 NET=3.6% maxDD=16.0% hold=105m | paruh 1.8/1.8 | thn 2024:9.7 2025:-14.4 2026:8.2 | H1:-44.5 H2:-50.0 H1/s.03:-58.9 | PFgross0=1.16
15m mr+trend k=3 mean              n=  358 (0.5/hr) win=65.9% PF=1.28 NET=26.7% maxDD=7.2% hold=135m | paruh 6.6/20.1 | thn 2024:6.2 2025:1.9 2026:18.6 | H1:-24.8 H2:-29.3 H1/s.03:-39.1 | PFgross0=1.38
15m mr+trend k=3 mean mh8j         n=  358 (0.5/hr) win=65.9% PF=1.28 NET=26.2% maxDD=7.2% hold=135m | paruh 6.4/19.8 | thn 2024:6.0 2025:1.6 2026:18.6 | H1:-25.3 H2:-29.6 H1/s.03:-39.6 | PFgross0=1.38
15m mr+trend k=3 trail             n=  335 (0.5/hr) win=39.1% PF=1.15 NET=17.1% maxDD=17.7% hold=210m | paruh 12.1/5.0 | thn 2024:21.5 2025:-17.2 2026:12.8 | H1:-93.7 H2:-100.6 H1/s.03:-107.1 | PFgross0=1.25
15m mr+trend k=3 trail mh8j        n=  347 (0.5/hr) win=42.7% PF=1.06 NET=6.8% maxDD=15.4% hold=210m | paruh 7.4/-0.6 | thn 2024:17.8 2025:-14.1 2026:3.0 | H1:-75.1 H2:-82.6 H1/s.03:-88.9 | PFgross0=1.15
15m sqz k=1.5 trail                n=  473 (0.6/hr) win=34.0% PF=0.80 NET=-14.1% maxDD=16.1% hold=45m | paruh -6.3/-7.8 | thn 2024:-3.2 2025:-8.9 2026:-2.0 | H1:-38.6 H2:-49.8 H1/s.03:-57.5 | PFgross0=0.94
15m sqz k=1.5 trail mh8j           n=  473 (0.6/hr) win=34.0% PF=0.80 NET=-14.2% maxDD=16.2% hold=45m | paruh -6.3/-7.8 | thn 2024:-3.2 2025:-9.0 2026:-2.0 | H1:-38.2 H2:-49.6 H1/s.03:-57.1 | PFgross0=0.94
15m sqz k=2 trail                  n=  461 (0.6/hr) win=33.6% PF=0.83 NET=-15.3% maxDD=18.8% hold=75m | paruh -7.1/-8.2 | thn 2024:-6.9 2025:-5.5 2026:-3.0 | H1:-59.0 H2:-72.5 H1/s.03:-77.4 | PFgross0=0.94
15m sqz k=2 trail mh8j             n=  463 (0.6/hr) win=33.7% PF=0.82 NET=-17.0% maxDD=20.5% hold=75m | paruh -7.2/-9.8 | thn 2024:-6.9 2025:-7.2 2026:-3.0 | H1:-59.2 H2:-72.0 H1/s.03:-77.7 | PFgross0=0.92
15m sqz k=3 trail                  n=  416 (0.6/hr) win=31.0% PF=0.80 NET=-25.8% maxDD=31.6% hold=165m | paruh -19.6/-6.2 | thn 2024:-8.5 2025:-8.7 2026:-8.7 | H1:-119.9 H2:-134.1 H1/s.03:-136.6 | PFgross0=0.87
15m sqz k=3 trail mh8j             n=  434 (0.6/hr) win=33.9% PF=0.81 NET=-24.0% maxDD=28.5% hold=165m | paruh -15.7/-8.2 | thn 2024:-8.5 2025:-7.6 2026:-7.9 | H1:-105.3 H2:-119.5 H1/s.03:-122.7 | PFgross0=0.89
15m fvg w>=0.05                    n= 4187 (5.7/hr) win=34.8% PF=0.96 NET=-32.5% maxDD=77.0% hold=45m | paruh 13.3/-45.8 | thn 2024:14.3 2025:-22.4 2026:-24.3 | H1:-608.2 H2:-690.7 H1/s.03:-775.7 | PFgross0=1.09
15m fvg w>=0.1                     n= 2850 (3.9/hr) win=36.6% PF=1.00 NET=-2.4% maxDD=57.1% hold=75m | paruh 26.1/-28.4 | thn 2024:17.4 2025:-10.3 2026:-9.5 | H1:-551.7 H2:-603.6 H1/s.03:-665.7 | PFgross0=1.10
15m fvg w>=0.3                     n=  818 (1.1/hr) win=37.9% PF=0.99 NET=-2.3% maxDD=43.5% hold=180m | paruh 20.4/-22.6 | thn 2024:17.3 2025:-25.0 2026:5.5 | H1:-406.5 H2:-426.4 H1/s.03:-439.2 | PFgross0=1.07
1h  donchian-20 k=1.5              n=  886 (1.2/hr) win=32.8% PF=0.78 NET=-81.5% maxDD=90.3% hold=240m | paruh -72.8/-8.7 | thn 2024:-27.3 2025:-62.0 2026:7.8 | H1:-322.1 H2:-364.7 H1/s.03:-357.5 | PFgross0=0.83
1h  donchian-20 k=1.5 mh8j         n=  935 (1.3/hr) win=35.6% PF=0.82 NET=-64.4% maxDD=72.6% hold=240m | paruh -58.6/-5.8 | thn 2024:-24.0 2025:-43.1 2026:2.6 | H1:-268.3 H2:-312.4 H1/s.03:-305.7 | PFgross0=0.88
1h  donchian-20 k=2                n=  725 (1.0/hr) win=37.0% PF=0.88 NET=-45.1% maxDD=67.2% hold=360m | paruh -56.6/11.5 | thn 2024:-29.5 2025:-36.8 2026:21.2 | H1:-429.8 H2:-473.2 H1/s.03:-458.8 | PFgross0=0.93
1h  donchian-20 k=2 mh8j           n=  869 (1.2/hr) win=39.6% PF=0.93 NET=-26.6% maxDD=50.4% hold=360m | paruh -47.2/20.6 | thn 2024:-22.4 2025:-23.2 2026:18.9 | H1:-284.3 H2:-330.2 H1/s.03:-319.1 | PFgross0=0.99
1h  donchian-20 k=3                n=  465 (0.6/hr) win=35.7% PF=1.00 NET=-1.7% maxDD=39.5% hold=960m | paruh -5.3/3.6 | thn 2024:4.6 2025:-19.8 2026:13.5 | H1:-646.5 H2:-677.5 H1/s.03:-665.1 | PFgross0=1.06
1h  donchian-20 k=3 mh8j           n=  827 (1.1/hr) win=42.4% PF=0.94 NET=-25.1% maxDD=46.0% hold=480m | paruh -44.8/19.7 | thn 2024:-35.1 2025:-4.4 2026:14.4 | H1:-334.8 H2:-383.4 H1/s.03:-367.9 | PFgross0=0.99
1h  donchian-50 k=1.5              n=  530 (0.7/hr) win=34.0% PF=0.84 NET=-34.4% maxDD=46.7% hold=180m | paruh -30.0/-4.4 | thn 2024:-9.3 2025:-23.9 2026:-1.2 | H1:-161.8 H2:-188.9 H1/s.03:-183.0 | PFgross0=0.90
1h  donchian-50 k=1.5 mh8j         n=  553 (0.8/hr) win=36.0% PF=0.86 NET=-30.8% maxDD=41.9% hold=180m | paruh -25.8/-5.0 | thn 2024:-8.4 2025:-16.0 2026:-6.4 | H1:-146.9 H2:-171.2 H1/s.03:-169.0 | PFgross0=0.92
1h  donchian-50 k=2                n=  455 (0.6/hr) win=38.7% PF=0.90 NET=-23.2% maxDD=42.2% hold=360m | paruh -34.8/11.7 | thn 2024:-15.0 2025:-20.3 2026:12.1 | H1:-236.3 H2:-260.2 H1/s.03:-254.5 | PFgross0=0.96
1h  donchian-50 k=2 mh8j           n=  520 (0.7/hr) win=38.8% PF=0.87 NET=-29.8% maxDD=40.9% hold=360m | paruh -33.7/4.0 | thn 2024:-15.3 2025:-12.6 2026:-1.9 | H1:-180.7 H2:-207.1 H1/s.03:-201.5 | PFgross0=0.93
1h  donchian-50 k=3                n=  344 (0.5/hr) win=36.0% PF=0.92 NET=-22.9% maxDD=64.8% hold=840m | paruh -35.8/12.9 | thn 2024:-3.5 2025:-38.8 2026:19.4 | H1:-422.2 H2:-448.3 H1/s.03:-436.0 | PFgross0=0.97
1h  donchian-50 k=3 mh8j           n=  501 (0.7/hr) win=41.3% PF=0.85 NET=-42.0% maxDD=54.0% hold=480m | paruh -45.6/3.7 | thn 2024:-24.4 2025:-15.6 2026:-2.0 | H1:-225.7 H2:-255.6 H1/s.03:-245.8 | PFgross0=0.89
1h  sweep-20 k=1.5                 n= 1028 (1.4/hr) win=36.8% PF=0.95 NET=-19.5% maxDD=35.6% hold=240m | paruh 3.6/-23.1 | thn 2024:4.6 2025:-5.1 2026:-19.1 | H1:-402.2 H2:-479.3 H1/s.03:-443.3 | PFgross0=1.02
1h  sweep-20 k=1.5 mh8j            n= 1163 (1.6/hr) win=41.4% PF=0.98 NET=-6.3% maxDD=25.0% hold=240m | paruh -5.5/-0.9 | thn 2024:6.0 2025:-8.3 2026:-4.0 | H1:-275.8 H2:-352.8 H1/s.03:-322.4 | PFgross0=1.06
1h  sweep-20 k=2                   n=  799 (1.1/hr) win=35.3% PF=0.89 NET=-43.8% maxDD=45.7% hold=480m | paruh -20.7/-23.1 | thn 2024:-15.3 2025:4.3 2026:-32.7 | H1:-574.4 H2:-637.1 H1/s.03:-606.4 | PFgross0=0.96
1h  sweep-20 k=2 mh8j              n= 1070 (1.5/hr) win=45.9% PF=1.03 NET=10.4% maxDD=15.3% hold=480m | paruh -0.1/10.5 | thn 2024:1.3 2025:17.6 2026:-8.5 | H1:-308.1 H2:-383.3 H1/s.03:-350.9 | PFgross0=1.10
1h  sweep-20 k=3                   n=  469 (0.6/hr) win=35.4% PF=0.94 NET=-21.6% maxDD=44.8% hold=1020m | paruh -41.7/20.1 | thn 2024:-40.9 2025:14.9 2026:4.4 | H1:-780.6 H2:-821.7 H1/s.03:-799.4 | PFgross0=1.01
1h  sweep-20 k=3 mh8j              n=  962 (1.3/hr) win=51.1% PF=1.01 NET=5.6% maxDD=28.2% hold=480m | paruh -0.6/6.3 | thn 2024:-0.3 2025:29.1 2026:-23.2 | H1:-343.7 H2:-414.4 H1/s.03:-382.2 | PFgross0=1.08
1h  sweep-50 k=1.5                 n=  696 (1.0/hr) win=37.4% PF=0.97 NET=-6.9% maxDD=37.2% hold=240m | paruh 22.8/-29.7 | thn 2024:13.5 2025:2.5 2026:-22.9 | H1:-261.7 H2:-315.4 H1/s.03:-289.6 | PFgross0=1.05
1h  sweep-50 k=1.5 mh8j            n=  725 (1.0/hr) win=40.7% PF=0.99 NET=-3.1% maxDD=24.6% hold=240m | paruh 13.5/-16.6 | thn 2024:11.7 2025:2.6 2026:-17.4 | H1:-166.8 H2:-213.8 H1/s.03:-195.8 | PFgross0=1.06
1h  sweep-50 k=2                   n=  590 (0.8/hr) win=35.8% PF=0.95 NET=-13.5% maxDD=37.4% hold=480m | paruh 10.6/-24.2 | thn 2024:-1.6 2025:13.0 2026:-24.9 | H1:-417.3 H2:-468.4 H1/s.03:-440.9 | PFgross0=1.02
1h  sweep-50 k=2 mh8j              n=  677 (0.9/hr) win=45.3% PF=1.06 NET=15.2% maxDD=16.2% hold=480m | paruh 19.2/-4.0 | thn 2024:5.8 2025:22.0 2026:-12.5 | H1:-181.3 H2:-231.4 H1/s.03:-208.3 | PFgross0=1.13
1h  sweep-50 k=3                   n=  373 (0.5/hr) win=36.7% PF=1.07 NET=19.2% maxDD=33.7% hold=1080m | paruh -4.8/24.0 | thn 2024:-27.6 2025:35.1 2026:11.7 | H1:-609.9 H2:-647.1 H1/s.03:-624.9 | PFgross0=1.15
1h  sweep-50 k=3 mh8j              n=  604 (0.8/hr) win=52.3% PF=1.07 NET=18.0% maxDD=21.3% hold=480m | paruh 19.7/-1.7 | thn 2024:8.4 2025:28.4 2026:-18.9 | H1:-194.2 H2:-244.8 H1/s.03:-218.3 | PFgross0=1.13
1h  mr k=1.5 mean                  n=  546 (0.7/hr) win=41.4% PF=0.90 NET=-30.8% maxDD=45.1% hold=300m | paruh -12.0/-18.7 | thn 2024:6.6 2025:-10.5 2026:-26.9 | H1:-226.3 H2:-259.9 H1/s.03:-248.1 | PFgross0=0.95
1h  mr k=1.5 mean mh8j             n=  553 (0.8/hr) win=42.7% PF=0.92 NET=-19.8% maxDD=42.6% hold=300m | paruh -13.0/-6.9 | thn 2024:11.0 2025:-21.7 2026:-9.1 | H1:-155.1 H2:-189.4 H1/s.03:-177.2 | PFgross0=0.98
1h  mr k=1.5 trail                 n=  535 (0.7/hr) win=32.1% PF=0.85 NET=-32.3% maxDD=42.9% hold=180m | paruh -15.3/-17.1 | thn 2024:-1.2 2025:-14.5 2026:-16.6 | H1:-198.4 H2:-228.1 H1/s.03:-219.8 | PFgross0=0.91
1h  mr k=1.5 trail mh8j            n=  555 (0.8/hr) win=34.4% PF=0.86 NET=-29.3% maxDD=43.4% hold=180m | paruh -18.3/-11.1 | thn 2024:3.6 2025:-18.2 2026:-14.7 | H1:-141.5 H2:-170.1 H1/s.03:-163.7 | PFgross0=0.92
1h  mr k=2 mean                    n=  523 (0.7/hr) win=47.6% PF=0.86 NET=-47.1% maxDD=59.1% hold=420m | paruh -11.2/-35.9 | thn 2024:-1.3 2025:-7.3 2026:-38.5 | H1:-268.6 H2:-307.4 H1/s.03:-289.5 | PFgross0=0.90
1h  mr k=2 mean mh8j               n=  533 (0.7/hr) win=47.5% PF=0.92 NET=-20.5% maxDD=42.9% hold=420m | paruh -6.5/-14.1 | thn 2024:12.2 2025:-13.8 2026:-19.0 | H1:-163.6 H2:-202.0 H1/s.03:-184.9 | PFgross0=0.97
1h  mr k=2 trail                   n=  468 (0.6/hr) win=30.1% PF=0.80 NET=-51.5% maxDD=65.3% hold=360m | paruh -4.9/-46.6 | thn 2024:-9.6 2025:-5.9 2026:-36.0 | H1:-329.8 H2:-355.8 H1/s.03:-348.5 | PFgross0=0.85
1h  mr k=2 trail mh8j              n=  534 (0.7/hr) win=39.1% PF=0.84 NET=-40.4% maxDD=54.8% hold=360m | paruh -8.9/-31.5 | thn 2024:1.8 2025:-11.7 2026:-30.5 | H1:-184.0 H2:-212.6 H1/s.03:-205.3 | PFgross0=0.89
1h  mr k=3 mean                    n=  477 (0.7/hr) win=57.2% PF=0.91 NET=-27.3% maxDD=48.4% hold=540m | paruh -2.3/-25.0 | thn 2024:11.0 2025:-9.2 2026:-29.1 | H1:-295.8 H2:-327.8 H1/s.03:-314.9 | PFgross0=0.96
1h  mr k=3 mean mh8j               n=  498 (0.7/hr) win=51.2% PF=0.95 NET=-12.1% maxDD=38.2% hold=480m | paruh -13.6/1.5 | thn 2024:8.4 2025:-16.2 2026:-4.3 | H1:-172.8 H2:-207.2 H1/s.03:-192.8 | PFgross0=1.00
1h  mr k=3 trail                   n=  359 (0.5/hr) win=32.6% PF=0.75 NET=-75.6% maxDD=94.3% hold=780m | paruh -28.2/-47.4 | thn 2024:7.8 2025:-46.5 2026:-36.9 | H1:-533.8 H2:-561.5 H1/s.03:-548.1 | PFgross0=0.80
1h  mr k=3 trail mh8j              n=  495 (0.7/hr) win=47.9% PF=0.97 NET=-6.5% maxDD=29.6% hold=480m | paruh 1.3/-7.8 | thn 2024:9.3 2025:-5.3 2026:-10.5 | H1:-179.9 H2:-210.8 H1/s.03:-199.7 | PFgross0=1.03
1h  mr+trend k=1.5 mean            n=  111 (0.2/hr) win=42.3% PF=0.76 NET=-14.3% maxDD=24.1% hold=300m | paruh -0.2/-14.1 | thn 2024:-0.4 2025:-2.4 2026:-11.6 | H1:-51.6 H2:-58.4 H1/s.03:-56.0 | PFgross0=0.80
1h  mr+trend k=1.5 mean mh8j       n=  113 (0.2/hr) win=43.4% PF=0.84 NET=-8.2% maxDD=18.0% hold=300m | paruh -0.6/-7.7 | thn 2024:0.3 2025:-5.4 2026:-3.1 | H1:-35.2 H2:-42.4 H1/s.03:-39.7 | PFgross0=0.89
1h  mr+trend k=1.5 trail           n=  115 (0.2/hr) win=31.3% PF=0.54 NET=-21.8% maxDD=22.8% hold=240m | paruh -9.8/-12.0 | thn 2024:-0.9 2025:-10.8 2026:-10.1 | H1:-55.1 H2:-62.6 H1/s.03:-59.7 | PFgross0=0.58
1h  mr+trend k=1.5 trail mh8j      n=  116 (0.2/hr) win=32.8% PF=0.54 NET=-20.3% maxDD=21.1% hold=240m | paruh -9.2/-11.2 | thn 2024:-0.9 2025:-9.8 2026:-9.7 | H1:-42.9 H2:-51.6 H1/s.03:-47.5 | PFgross0=0.59
1h  mr+trend k=2 mean              n=  107 (0.1/hr) win=51.4% PF=0.82 NET=-10.8% maxDD=25.6% hold=420m | paruh 7.1/-17.8 | thn 2024:-0.3 2025:2.8 2026:-13.3 | H1:-58.8 H2:-65.2 H1/s.03:-63.1 | PFgross0=0.87
1h  mr+trend k=2 mean mh8j         n=  111 (0.2/hr) win=48.6% PF=0.90 NET=-5.3% maxDD=17.1% hold=420m | paruh 2.3/-7.6 | thn 2024:0.9 2025:-2.4 2026:-3.7 | H1:-36.1 H2:-43.1 H1/s.03:-40.6 | PFgross0=0.95
1h  mr+trend k=2 trail             n=  112 (0.2/hr) win=33.9% PF=0.85 NET=-8.5% maxDD=26.7% hold=360m | paruh 12.1/-20.6 | thn 2024:3.2 2025:4.5 2026:-16.2 | H1:-71.2 H2:-79.7 H1/s.03:-75.7 | PFgross0=0.91
1h  mr+trend k=2 trail mh8j        n=  114 (0.2/hr) win=42.1% PF=0.84 NET=-7.5% maxDD=19.3% hold=420m | paruh 5.1/-12.6 | thn 2024:1.3 2025:0.7 2026:-9.5 | H1:-37.9 H2:-46.8 H1/s.03:-42.5 | PFgross0=0.90
1h  mr+trend k=3 mean              n=  101 (0.1/hr) win=59.4% PF=0.92 NET=-4.4% maxDD=18.1% hold=540m | paruh 8.3/-12.7 | thn 2024:1.1 2025:0.5 2026:-6.0 | H1:-64.2 H2:-70.7 H1/s.03:-68.2 | PFgross0=0.98
1h  mr+trend k=3 mean mh8j         n=  107 (0.1/hr) win=53.3% PF=0.92 NET=-3.8% maxDD=14.2% hold=480m | paruh 0.4/-4.2 | thn 2024:-0.4 2025:-2.4 2026:-1.0 | H1:-40.6 H2:-45.9 H1/s.03:-44.9 | PFgross0=0.98
1h  mr+trend k=3 trail             n=   97 (0.1/hr) win=35.1% PF=0.87 NET=-9.7% maxDD=24.9% hold=1020m | paruh 9.5/-19.1 | thn 2024:5.9 2025:-2.4 2026:-13.2 | H1:-135.6 H2:-141.5 H1/s.03:-139.5 | PFgross0=0.93
1h  mr+trend k=3 trail mh8j        n=  108 (0.1/hr) win=47.2% PF=0.81 NET=-10.4% maxDD=20.3% hold=480m | paruh -0.6/-9.8 | thn 2024:-0.1 2025:-4.8 2026:-5.5 | H1:-52.1 H2:-56.0 H1/s.03:-56.4 | PFgross0=0.86
1h  sqz k=1.5 trail                n=  124 (0.2/hr) win=41.9% PF=1.36 NET=11.4% maxDD=8.4% hold=240m | paruh -5.4/16.9 | thn 2024:-3.3 2025:-0.9 2026:15.6 | H1:-24.8 H2:-32.9 H1/s.03:-29.8 | PFgross0=1.49
1h  sqz k=1.5 trail mh8j           n=  126 (0.2/hr) win=42.9% PF=1.12 NET=3.6% maxDD=7.7% hold=240m | paruh -1.9/5.5 | thn 2024:-3.4 2025:-0.0 2026:7.0 | H1:-22.9 H2:-30.9 H1/s.03:-27.9 | PFgross0=1.23
1h  sqz k=2 trail                  n=  117 (0.2/hr) win=44.4% PF=1.49 NET=17.4% maxDD=6.3% hold=360m | paruh 3.3/14.1 | thn 2024:-2.3 2025:3.8 2026:15.9 | H1:-46.8 H2:-51.3 H1/s.03:-51.4 | PFgross0=1.62
1h  sqz k=2 trail mh8j             n=  125 (0.2/hr) win=47.2% PF=1.49 NET=15.5% maxDD=5.8% hold=420m | paruh 5.4/10.1 | thn 2024:-1.9 2025:5.6 2026:11.8 | H1:-21.2 H2:-29.2 H1/s.03:-26.2 | PFgross0=1.63
1h  sqz k=3 trail                  n=  102 (0.1/hr) win=45.1% PF=1.80 NET=35.7% maxDD=7.9% hold=1020m | paruh 5.0/30.7 | thn 2024:0.5 2025:12.3 2026:22.9 | H1:-94.6 H2:-98.8 H1/s.03:-98.7 | PFgross0=1.96
1h  sqz k=3 trail mh8j             n=  124 (0.2/hr) win=48.4% PF=1.37 NET=14.1% maxDD=5.3% hold=480m | paruh 4.9/9.2 | thn 2024:-0.7 2025:5.6 2026:9.1 | H1:-29.5 H2:-39.4 H1/s.03:-34.5 | PFgross0=1.49
1h  fvg w>=0.05                    n= 1159 (1.6/hr) win=36.4% PF=1.05 NET=18.7% maxDD=47.5% hold=180m | paruh 14.0/4.7 | thn 2024:21.7 2025:-13.9 2026:10.9 | H1:-544.3 H2:-616.5 H1/s.03:-590.7 | PFgross0=1.15
1h  fvg w>=0.1                     n=  976 (1.3/hr) win=38.8% PF=1.07 NET=25.0% maxDD=43.3% hold=180m | paruh 18.5/6.5 | thn 2024:21.6 2025:-10.2 2026:13.7 | H1:-531.6 H2:-593.0 H1/s.03:-570.7 | PFgross0=1.16
1h  fvg w>=0.3                     n=  483 (0.7/hr) win=39.5% PF=1.09 NET=22.7% maxDD=36.4% hold=360m | paruh 22.2/0.5 | thn 2024:19.3 2025:-5.5 2026:8.9 | H1:-474.2 H2:-507.3 H1/s.03:-493.5 | PFgross0=1.17
-> NET positif (H3 slip.01): 46/171

=== OUT-OF-SAMPLE Sep 2019 - Sep 2024: 10 terbaik in-sample (H3 slip.01), parameter PERSIS ===
15m mr k=3 trail                   IS NET=62.5% PF=1.14 || OOS n= 3475 (1.9/hr) win=36.4% PF=0.92 NET=-157.4% maxDD=185.9% hold=210m | paruh -124.3/-33.1 | thn 2019:-8.4 2020:-50.1 2021:-28.2 2022:-20.4 2023:-24.5 2024:-25.7 | OOS slip.03 NET=-296.4% | DSR(IS)=0.0%
15m mr k=3 trail mh8j              IS NET=54.6% PF=1.11 || OOS n= 4166 (2.3/hr) win=40.6% PF=0.96 NET=-87.1% maxDD=119.8% hold=195m | paruh -53.6/-33.5 | thn 2019:8.9 2020:-12.1 2021:-14.1 2022:-27.6 2023:-34.5 2024:-7.9 | OOS slip.03 NET=-253.8% | DSR(IS)=0.0%
1h  sqz k=3 trail                  IS NET=35.7% PF=1.80 || OOS n=  286 (0.2/hr) win=35.7% PF=1.17 NET=43.5% maxDD=42.4% hold=900m | paruh 52.9/-9.5 | thn 2019:9.7 2020:41.9 2021:3.1 2022:-16.7 2023:11.6 2024:-6.1 | OOS slip.03 NET=32.0% | DSR(IS)=0.0%
15m mr+trend k=3 mean              IS NET=26.7% PF=1.28 || OOS n= 1013 (0.6/hr) win=66.9% PF=1.20 NET=68.7% maxDD=17.5% hold=135m | paruh 66.8/1.9 | thn 2019:0.5 2020:24.8 2021:26.9 2022:20.8 2023:5.2 2024:-9.5 | OOS slip.03 NET=28.1% | DSR(IS)=0.0%
15m mr+trend k=3 mean mh8j         IS NET=26.2% PF=1.28 || OOS n= 1013 (0.6/hr) win=66.9% PF=1.20 NET=67.9% maxDD=17.5% hold=135m | paruh 66.2/1.7 | thn 2019:0.5 2020:24.2 2021:26.9 2022:20.6 2023:5.2 2024:-9.5 | OOS slip.03 NET=27.3% | DSR(IS)=0.0%
1h  fvg w>=0.1                     IS NET=25.0% PF=1.07 || OOS n= 2180 (1.2/hr) win=34.0% PF=0.97 NET=-36.0% maxDD=139.0% hold=180m | paruh 79.1/-115.2 | thn 2019:-5.2 2020:29.6 2021:60.5 2022:-15.1 2023:-50.2 2024:-55.6 | OOS slip.03 NET=-123.2% | DSR(IS)=0.0%
5m  mr+trend k=3 trail mh8j        IS NET=24.1% PF=1.15 || OOS n= 2212 (1.2/hr) win=38.7% PF=1.18 NET=104.8% maxDD=17.9% hold=90m | paruh 105.9/-1.1 | thn 2019:-14.2 2020:33.4 2021:92.2 2022:-7.3 2023:-1.0 2024:1.6 | OOS slip.03 NET=16.3% | DSR(IS)=0.0%
5m  mr+trend k=3 trail             IS NET=24.0% PF=1.15 || OOS n= 2201 (1.2/hr) win=38.5% PF=1.18 NET=110.0% maxDD=18.0% hold=90m | paruh 108.4/1.7 | thn 2019:-14.7 2020:36.5 2021:91.3 2022:-6.0 2023:-0.5 2024:3.5 | OOS slip.03 NET=22.0% | DSR(IS)=0.0%
1h  fvg w>=0.3                     IS NET=22.7% PF=1.09 || OOS n= 1423 (0.8/hr) win=36.7% PF=1.01 NET=5.8% maxDD=119.6% hold=300m | paruh 107.8/-102.0 | thn 2019:-3.9 2020:36.9 2021:74.8 2022:-13.3 2023:-47.4 2024:-41.4 | OOS slip.03 NET=-51.1% | DSR(IS)=0.0%
15m mr k=2 trail                   IS NET=19.6% PF=1.05 || OOS n= 4672 (2.6/hr) win=35.9% PF=1.01 NET=14.3% maxDD=60.2% hold=90m | paruh 16.7/-2.4 | thn 2019:-24.1 2020:-14.2 2021:63.4 2022:25.8 2023:-7.6 2024:-29.0 | OOS slip.03 NET=-172.5% | DSR(IS)=0.0%
-> lolos OOS (NET > 0): 7/10


######## NINJA_BC_SCEN='H2 slip.01' ########
=== IN-SAMPLE Sep 2024 - Sep 2026: 171 kombinasi (kumulatif 433) ===
Kolom: skenario H2 slip.01 (utama) | NET skenario lain | gross tanpa biaya
5m  donchian-20 k=1.5              n=11759 (16.1/hr) win=28.3% PF=0.62 NET=-554.6% maxDD=555.5% hold=20m | paruh -285.3/-269.3 | thn 2024:-67.1 2025:-278.8 2026:-208.6 | H1:-502.8 H3:-259.7 H1/s.03:-973.1 | PFgross0=0.98
5m  donchian-20 k=1.5 mh8j         n=11760 (16.1/hr) win=28.3% PF=0.62 NET=-554.7% maxDD=555.6% hold=20m | paruh -285.4/-269.3 | thn 2024:-67.1 2025:-279.0 2026:-208.6 | H1:-503.0 H3:-260.0 H1/s.03:-973.4 | PFgross0=0.98
5m  donchian-20 k=2                n= 9892 (13.6/hr) win=28.2% PF=0.59 NET=-658.3% maxDD=659.9% hold=30m | paruh -346.4/-311.9 | thn 2024:-89.6 2025:-325.9 2026:-242.8 | H1:-599.7 H3:-245.5 H1/s.03:-995.4 | PFgross0=0.97
5m  donchian-20 k=2 mh8j           n= 9904 (13.6/hr) win=28.2% PF=0.59 NET=-655.7% maxDD=657.3% hold=30m | paruh -343.9/-311.8 | thn 2024:-88.8 2025:-324.9 2026:-242.0 | H1:-597.9 H3:-243.6 H1/s.03:-994.1 | PFgross0=0.97
5m  donchian-20 k=3                n= 6758 (9.3/hr) win=26.6% PF=0.49 NET=-866.2% maxDD=867.0% hold=60m | paruh -436.0/-430.2 | thn 2024:-116.8 2025:-425.5 2026:-323.9 | H1:-818.5 H3:-214.3 H1/s.03:-1088.8 | PFgross0=0.95
5m  donchian-20 k=3 mh8j           n= 7035 (9.6/hr) win=27.0% PF=0.51 NET=-854.1% maxDD=854.8% hold=60m | paruh -424.3/-429.8 | thn 2024:-116.8 2025:-414.5 2026:-322.7 | H1:-804.9 H3:-219.9 H1/s.03:-1086.3 | PFgross0=0.95
5m  donchian-50 k=1.5              n= 6968 (9.5/hr) win=28.8% PF=0.64 NET=-319.7% maxDD=322.0% hold=15m | paruh -173.0/-146.7 | thn 2024:-42.4 2025:-156.3 2026:-121.0 | H1:-312.3 H3:-168.8 H1/s.03:-591.1 | PFgross0=0.96
5m  donchian-50 k=1.5 mh8j         n= 6968 (9.5/hr) win=28.8% PF=0.64 NET=-319.7% maxDD=322.0% hold=15m | paruh -173.0/-146.7 | thn 2024:-42.4 2025:-156.3 2026:-121.0 | H1:-312.3 H3:-168.8 H1/s.03:-591.1 | PFgross0=0.96
5m  donchian-50 k=2                n= 5979 (8.2/hr) win=29.2% PF=0.63 NET=-361.4% maxDD=362.9% hold=25m | paruh -198.9/-162.5 | thn 2024:-58.4 2025:-170.2 2026:-132.8 | H1:-350.6 H3:-146.8 H1/s.03:-589.8 | PFgross0=0.97
5m  donchian-50 k=2 mh8j           n= 5983 (8.2/hr) win=29.2% PF=0.63 NET=-361.0% maxDD=362.5% hold=25m | paruh -198.5/-162.5 | thn 2024:-57.8 2025:-170.4 2026:-132.8 | H1:-350.5 H3:-146.6 H1/s.03:-589.8 | PFgross0=0.97
5m  donchian-50 k=3                n= 4576 (6.3/hr) win=27.6% PF=0.53 NET=-538.5% maxDD=539.4% hold=50m | paruh -273.7/-264.8 | thn 2024:-82.1 2025:-249.6 2026:-206.8 | H1:-536.2 H3:-157.4 H1/s.03:-719.2 | PFgross0=0.93
5m  donchian-50 k=3 mh8j           n= 4650 (6.4/hr) win=28.0% PF=0.54 NET=-528.1% maxDD=529.0% hold=50m | paruh -264.1/-263.9 | thn 2024:-83.0 2025:-237.0 2026:-208.0 | H1:-525.2 H3:-156.7 H1/s.03:-711.2 | PFgross0=0.94
5m  sweep-20 k=1.5                 n=12095 (16.6/hr) win=29.5% PF=0.66 NET=-492.1% maxDD=494.5% hold=25m | paruh -257.5/-234.6 | thn 2024:-69.6 2025:-252.0 2026:-170.5 | H1:-438.9 H3:-92.9 H1/s.03:-922.7 | PFgross0=1.14
5m  sweep-20 k=1.5 mh8j            n=12094 (16.6/hr) win=29.5% PF=0.67 NET=-491.5% maxDD=493.9% hold=25m | paruh -257.0/-234.5 | thn 2024:-69.5 2025:-251.5 2026:-170.5 | H1:-438.3 H3:-92.4 H1/s.03:-922.1 | PFgross0=1.14
5m  sweep-20 k=2                   n= 9710 (13.3/hr) win=27.4% PF=0.56 NET=-697.7% maxDD=698.6% hold=35m | paruh -375.4/-322.3 | thn 2024:-97.2 2025:-369.3 2026:-231.1 | H1:-645.8 H3:-165.1 H1/s.03:-1034.2 | PFgross0=1.03
5m  sweep-20 k=2 mh8j              n= 9784 (13.4/hr) win=27.4% PF=0.57 NET=-692.2% maxDD=693.2% hold=35m | paruh -372.7/-319.5 | thn 2024:-96.7 2025:-366.1 2026:-229.5 | H1:-641.4 H3:-164.6 H1/s.03:-1032.8 | PFgross0=1.03
5m  sweep-20 k=3                   n= 5769 (7.9/hr) win=26.2% PF=0.52 NET=-760.0% maxDD=760.0% hold=75m | paruh -385.4/-374.6 | thn 2024:-84.5 2025:-406.1 2026:-269.4 | H1:-707.2 H3:-3.5 H1/s.03:-937.9 | PFgross0=1.11
5m  sweep-20 k=3 mh8j              n= 6327 (8.7/hr) win=26.7% PF=0.55 NET=-727.8% maxDD=727.8% hold=70m | paruh -373.9/-353.9 | thn 2024:-82.6 2025:-388.5 2026:-256.7 | H1:-672.8 H3:-5.9 H1/s.03:-925.9 | PFgross0=1.11
5m  sweep-50 k=1.5                 n= 7893 (10.8/hr) win=29.9% PF=0.67 NET=-330.8% maxDD=331.9% hold=20m | paruh -165.7/-165.1 | thn 2024:-47.3 2025:-167.8 2026:-115.8 | H1:-306.2 H3:-80.3 H1/s.03:-622.0 | PFgross0=1.10
5m  sweep-50 k=1.5 mh8j            n= 7893 (10.8/hr) win=29.9% PF=0.67 NET=-330.7% maxDD=331.8% hold=20m | paruh -165.5/-165.1 | thn 2024:-47.1 2025:-167.8 2026:-115.8 | H1:-306.1 H3:-80.3 H1/s.03:-621.9 | PFgross0=1.10
5m  sweep-50 k=2                   n= 6851 (9.4/hr) win=27.4% PF=0.55 NET=-523.8% maxDD=523.8% hold=35m | paruh -266.0/-257.7 | thn 2024:-61.7 2025:-283.5 2026:-178.6 | H1:-506.3 H3:-154.4 H1/s.03:-780.3 | PFgross0=0.99
5m  sweep-50 k=2 mh8j              n= 6894 (9.4/hr) win=27.5% PF=0.56 NET=-514.6% maxDD=514.6% hold=35m | paruh -262.1/-252.5 | thn 2024:-60.7 2025:-278.8 2026:-175.1 | H1:-498.4 H3:-151.4 H1/s.03:-774.1 | PFgross0=0.99
5m  sweep-50 k=3                   n= 4592 (6.3/hr) win=24.9% PF=0.47 NET=-675.1% maxDD=675.1% hold=70m | paruh -321.9/-353.2 | thn 2024:-75.8 2025:-348.9 2026:-250.4 | H1:-663.7 H3:-72.3 H1/s.03:-847.4 | PFgross0=1.03
5m  sweep-50 k=3 mh8j              n= 4988 (6.8/hr) win=25.7% PF=0.51 NET=-644.1% maxDD=644.1% hold=70m | paruh -316.0/-328.1 | thn 2024:-76.3 2025:-330.9 2026:-237.0 | H1:-629.3 H3:-85.4 H1/s.03:-828.8 | PFgross0=1.03
5m  mr k=1.5 mean                  n= 5145 (7.0/hr) win=38.0% PF=0.72 NET=-251.1% maxDD=251.1% hold=25m | paruh -122.6/-128.5 | thn 2024:-29.6 2025:-109.5 2026:-112.0 | H1:-215.4 H3:-79.1 H1/s.03:-421.2 | PFgross0=1.04
5m  mr k=1.5 mean mh8j             n= 5145 (7.0/hr) win=38.0% PF=0.72 NET=-251.1% maxDD=251.1% hold=25m | paruh -122.6/-128.5 | thn 2024:-29.6 2025:-109.5 2026:-112.0 | H1:-215.4 H3:-79.1 H1/s.03:-421.2 | PFgross0=1.04
5m  mr k=1.5 trail                 n= 5198 (7.1/hr) win=30.9% PF=0.72 NET=-174.3% maxDD=174.9% hold=15m | paruh -81.6/-92.6 | thn 2024:-17.2 2025:-73.1 2026:-84.0 | H1:-128.9 H3:-32.9 H1/s.03:-336.8 | PFgross0=1.15
5m  mr k=1.5 trail mh8j            n= 5199 (7.1/hr) win=30.9% PF=0.72 NET=-174.4% maxDD=175.0% hold=15m | paruh -81.6/-92.7 | thn 2024:-17.2 2025:-73.1 2026:-84.1 | H1:-129.1 H3:-33.1 H1/s.03:-337.1 | PFgross0=1.15
5m  mr k=2 mean                    n= 4961 (6.8/hr) win=44.0% PF=0.72 NET=-271.4% maxDD=271.7% hold=35m | paruh -142.7/-128.7 | thn 2024:-31.8 2025:-127.5 2026:-112.1 | H1:-238.8 H3:-74.1 H1/s.03:-437.2 | PFgross0=1.03
5m  mr k=2 mean mh8j               n= 4961 (6.8/hr) win=44.0% PF=0.72 NET=-271.4% maxDD=271.7% hold=35m | paruh -142.7/-128.7 | thn 2024:-31.8 2025:-127.5 2026:-112.1 | H1:-238.8 H3:-74.1 H1/s.03:-437.2 | PFgross0=1.03
5m  mr k=2 trail                   n= 4801 (6.6/hr) win=29.7% PF=0.69 NET=-226.3% maxDD=226.5% hold=25m | paruh -116.0/-110.3 | thn 2024:-17.6 2025:-107.0 2026:-101.7 | H1:-174.6 H3:-6.0 H1/s.03:-366.6 | PFgross0=1.16
5m  mr k=2 trail mh8j              n= 4817 (6.6/hr) win=29.8% PF=0.70 NET=-223.1% maxDD=223.3% hold=25m | paruh -114.5/-108.6 | thn 2024:-17.6 2025:-106.0 2026:-99.5 | H1:-171.5 H3:-5.4 H1/s.03:-364.1 | PFgross0=1.16
5m  mr k=3 mean                    n= 4721 (6.5/hr) win=49.9% PF=0.70 NET=-299.0% maxDD=299.0% hold=45m | paruh -158.6/-140.4 | thn 2024:-38.2 2025:-137.6 2026:-123.2 | H1:-272.5 H3:-64.8 H1/s.03:-461.4 | PFgross0=1.04
5m  mr k=3 mean mh8j               n= 4721 (6.5/hr) win=49.9% PF=0.70 NET=-299.0% maxDD=299.0% hold=45m | paruh -158.6/-140.4 | thn 2024:-38.2 2025:-137.6 2026:-123.2 | H1:-272.5 H3:-64.8 H1/s.03:-461.4 | PFgross0=1.04
5m  mr k=3 trail                   n= 3799 (5.2/hr) win=26.2% PF=0.55 NET=-420.9% maxDD=421.1% hold=55m | paruh -194.8/-226.1 | thn 2024:-49.1 2025:-190.3 2026:-181.5 | H1:-368.9 H3:-21.0 H1/s.03:-520.9 | PFgross0=1.09
5m  mr k=3 trail mh8j              n= 3933 (5.4/hr) win=26.6% PF=0.59 NET=-387.1% maxDD=387.7% hold=55m | paruh -172.1/-215.0 | thn 2024:-42.1 2025:-175.2 2026:-169.8 | H1:-337.6 H3:-8.8 H1/s.03:-494.9 | PFgross0=1.11
5m  mr+trend k=1.5 mean            n=  903 (1.2/hr) win=42.2% PF=0.77 NET=-32.3% maxDD=33.0% hold=30m | paruh -7.8/-24.5 | thn 2024:-2.0 2025:-7.4 2026:-22.9 | H1:-20.2 H3:1.3 H1/s.03:-56.3 | PFgross0=1.17
5m  mr+trend k=1.5 mean mh8j       n=  903 (1.2/hr) win=42.2% PF=0.77 NET=-32.3% maxDD=33.0% hold=30m | paruh -7.8/-24.5 | thn 2024:-2.0 2025:-7.4 2026:-22.9 | H1:-20.2 H3:1.3 H1/s.03:-56.3 | PFgross0=1.17
5m  mr+trend k=1.5 trail           n=  910 (1.2/hr) win=30.7% PF=0.70 NET=-31.1% maxDD=31.1% hold=20m | paruh -10.7/-20.3 | thn 2024:-4.8 2025:-7.1 2026:-19.1 | H1:-15.1 H3:-1.4 H1/s.03:-51.5 | PFgross0=1.21
5m  mr+trend k=1.5 trail mh8j      n=  910 (1.2/hr) win=30.7% PF=0.70 NET=-31.1% maxDD=31.1% hold=20m | paruh -10.7/-20.4 | thn 2024:-4.8 2025:-7.1 2026:-19.1 | H1:-15.2 H3:-1.5 H1/s.03:-51.6 | PFgross0=1.21
5m  mr+trend k=2 mean              n=  888 (1.2/hr) win=47.4% PF=0.76 NET=-37.2% maxDD=39.8% hold=40m | paruh -12.3/-24.9 | thn 2024:-0.9 2025:-13.3 2026:-23.0 | H1:-25.7 H3:2.2 H1/s.03:-61.2 | PFgross0=1.16
5m  mr+trend k=2 mean mh8j         n=  888 (1.2/hr) win=47.4% PF=0.76 NET=-37.2% maxDD=39.8% hold=40m | paruh -12.3/-24.9 | thn 2024:-0.9 2025:-13.3 2026:-23.0 | H1:-25.7 H3:2.2 H1/s.03:-61.2 | PFgross0=1.16
5m  mr+trend k=2 trail             n=  893 (1.2/hr) win=30.1% PF=0.74 NET=-34.4% maxDD=34.8% hold=35m | paruh -16.7/-17.7 | thn 2024:-1.3 2025:-13.7 2026:-19.3 | H1:-13.1 H3:13.9 H1/s.03:-48.8 | PFgross0=1.32
5m  mr+trend k=2 trail mh8j        n=  893 (1.2/hr) win=30.1% PF=0.74 NET=-34.4% maxDD=34.9% hold=35m | paruh -16.7/-17.7 | thn 2024:-1.3 2025:-13.7 2026:-19.4 | H1:-13.3 H3:13.6 H1/s.03:-49.0 | PFgross0=1.32
5m  mr+trend k=3 mean              n=  879 (1.2/hr) win=52.8% PF=0.79 NET=-33.2% maxDD=36.8% hold=50m | paruh -12.6/-20.5 | thn 2024:-2.0 2025:-16.6 2026:-14.5 | H1:-22.2 H3:14.6 H1/s.03:-57.3 | PFgross0=1.26
5m  mr+trend k=3 mean mh8j         n=  879 (1.2/hr) win=52.8% PF=0.79 NET=-33.2% maxDD=36.8% hold=50m | paruh -12.6/-20.5 | thn 2024:-2.0 2025:-16.6 2026:-14.5 | H1:-22.2 H3:14.6 H1/s.03:-57.3 | PFgross0=1.26
5m  mr+trend k=3 trail             n=  838 (1.1/hr) win=27.0% PF=0.65 NET=-70.4% maxDD=73.0% hold=75m | paruh -33.2/-37.2 | thn 2024:-3.0 2025:-37.7 2026:-29.8 | H1:-50.0 H3:24.0 H1/s.03:-83.5 | PFgross0=1.29
5m  mr+trend k=3 trail mh8j        n=  840 (1.2/hr) win=27.0% PF=0.66 NET=-68.1% maxDD=70.7% hold=75m | paruh -31.2/-37.0 | thn 2024:-2.3 2025:-36.2 2026:-29.6 | H1:-49.4 H3:24.1 H1/s.03:-83.0 | PFgross0=1.29
5m  sqz k=1.5 trail                n= 1453 (2.0/hr) win=30.1% PF=0.68 NET=-43.8% maxDD=45.5% hold=20m | paruh -16.8/-27.1 | thn 2024:-3.6 2025:-23.3 2026:-16.9 | H1:-34.5 H3:-5.6 H1/s.03:-92.6 | PFgross0=1.24
5m  sqz k=1.5 trail mh8j           n= 1453 (2.0/hr) win=30.1% PF=0.68 NET=-43.8% maxDD=45.5% hold=20m | paruh -16.8/-27.1 | thn 2024:-3.6 2025:-23.3 2026:-16.9 | H1:-34.5 H3:-5.6 H1/s.03:-92.6 | PFgross0=1.24
5m  sqz k=2 trail                  n= 1408 (1.9/hr) win=29.7% PF=0.68 NET=-55.4% maxDD=57.0% hold=30m | paruh -21.3/-34.1 | thn 2024:-8.7 2025:-24.7 2026:-21.9 | H1:-43.8 H3:3.7 H1/s.03:-100.1 | PFgross0=1.26
5m  sqz k=2 trail mh8j             n= 1408 (1.9/hr) win=29.7% PF=0.69 NET=-54.5% maxDD=56.2% hold=30m | paruh -21.3/-33.2 | thn 2024:-8.7 2025:-24.7 2026:-21.1 | H1:-43.1 H3:4.5 H1/s.03:-99.4 | PFgross0=1.27
5m  sqz k=3 trail                  n= 1276 (1.7/hr) win=26.1% PF=0.49 NET=-130.7% maxDD=132.3% hold=55m | paruh -53.0/-77.6 | thn 2024:-14.5 2025:-61.5 2026:-54.7 | H1:-127.3 H3:-23.0 H1/s.03:-178.4 | PFgross0=1.03
5m  sqz k=3 trail mh8j             n= 1281 (1.8/hr) win=26.2% PF=0.49 NET=-130.0% maxDD=131.6% hold=55m | paruh -53.6/-76.4 | thn 2024:-14.1 2025:-62.4 2026:-53.5 | H1:-127.2 H3:-25.7 H1/s.03:-178.4 | PFgross0=1.01
5m  fvg w>=0.05                    n=12010 (16.5/hr) win=28.9% PF=0.55 NET=-855.6% maxDD=856.9% hold=25m | paruh -417.7/-437.8 | thn 2024:-109.9 2025:-441.7 2026:-303.9 | H1:-791.0 H3:-194.2 H1/s.03:-1271.4 | PFgross0=1.04
5m  fvg w>=0.1                     n= 6343 (8.7/hr) win=30.0% PF=0.55 NET=-610.8% maxDD=612.4% hold=35m | paruh -312.9/-297.8 | thn 2024:-85.1 2025:-305.2 2026:-220.5 | H1:-585.2 H3:-88.3 H1/s.03:-838.9 | PFgross0=1.05
5m  fvg w>=0.3                     n=  863 (1.2/hr) win=28.4% PF=0.46 NET=-232.0% maxDD=234.0% hold=95m | paruh -101.3/-130.7 | thn 2024:-30.7 2025:-91.1 2026:-110.2 | H1:-228.8 H3:-7.8 H1/s.03:-263.3 | PFgross0=1.05
15m donchian-20 k=1.5              n= 3579 (4.9/hr) win=26.9% PF=0.53 NET=-412.8% maxDD=413.8% hold=60m | paruh -203.5/-209.3 | thn 2024:-58.3 2025:-184.4 2026:-170.2 | H1:-367.6 H3:-124.6 H1/s.03:-510.8 | PFgross0=0.93
15m donchian-20 k=1.5 mh8j         n= 3614 (5.0/hr) win=27.0% PF=0.53 NET=-408.5% maxDD=409.5% hold=60m | paruh -201.3/-207.2 | thn 2024:-59.3 2025:-181.3 2026:-167.9 | H1:-363.9 H3:-127.2 H1/s.03:-508.4 | PFgross0=0.92
15m donchian-20 k=2                n= 2987 (4.1/hr) win=25.1% PF=0.46 NET=-551.5% maxDD=552.7% hold=90m | paruh -281.2/-270.3 | thn 2024:-80.9 2025:-258.6 2026:-212.0 | H1:-513.7 H3:-135.4 H1/s.03:-633.2 | PFgross0=0.91
15m donchian-20 k=2 mh8j           n= 3101 (4.2/hr) win=25.7% PF=0.47 NET=-539.6% maxDD=540.7% hold=90m | paruh -268.8/-270.8 | thn 2024:-82.1 2025:-248.4 2026:-209.1 | H1:-503.9 H3:-145.2 H1/s.03:-627.9 | PFgross0=0.90
15m donchian-20 k=3                n= 1947 (2.7/hr) win=22.8% PF=0.35 NET=-753.1% maxDD=753.6% hold=195m | paruh -369.7/-383.3 | thn 2024:-95.6 2025:-362.5 2026:-295.0 | H1:-737.8 H3:-74.8 H1/s.03:-815.7 | PFgross0=0.97
15m donchian-20 k=3 mh8j           n= 2441 (3.3/hr) win=24.7% PF=0.42 NET=-678.3% maxDD=678.9% hold=195m | paruh -317.6/-360.7 | thn 2024:-93.3 2025:-295.0 2026:-290.0 | H1:-662.0 H3:-95.1 H1/s.03:-759.7 | PFgross0=0.96
15m donchian-50 k=1.5              n= 2131 (2.9/hr) win=27.9% PF=0.59 NET=-215.3% maxDD=215.3% hold=45m | paruh -122.2/-93.1 | thn 2024:-36.8 2025:-104.6 2026:-73.9 | H1:-184.9 H3:-64.3 H1/s.03:-270.1 | PFgross0=0.95
15m donchian-50 k=1.5 mh8j         n= 2141 (2.9/hr) win=28.0% PF=0.60 NET=-212.4% maxDD=212.4% hold=45m | paruh -120.3/-92.1 | thn 2024:-37.1 2025:-102.0 2026:-73.3 | H1:-182.2 H3:-64.2 H1/s.03:-267.9 | PFgross0=0.95
15m donchian-50 k=2                n= 1854 (2.5/hr) win=25.9% PF=0.50 NET=-317.8% maxDD=317.8% hold=75m | paruh -177.0/-140.8 | thn 2024:-51.2 2025:-162.7 2026:-104.0 | H1:-297.8 H3:-93.0 H1/s.03:-372.0 | PFgross0=0.89
15m donchian-50 k=2 mh8j           n= 1885 (2.6/hr) win=26.4% PF=0.50 NET=-310.3% maxDD=310.3% hold=75m | paruh -172.5/-137.8 | thn 2024:-51.3 2025:-158.7 2026:-100.3 | H1:-290.2 H3:-97.1 H1/s.03:-365.6 | PFgross0=0.88
15m donchian-50 k=3                n= 1396 (1.9/hr) win=22.4% PF=0.38 NET=-496.0% maxDD=496.0% hold=165m | paruh -263.7/-232.3 | thn 2024:-63.3 2025:-270.5 2026:-162.2 | H1:-487.5 H3:-62.7 H1/s.03:-543.3 | PFgross0=0.95
15m donchian-50 k=3 mh8j           n= 1570 (2.2/hr) win=24.6% PF=0.45 NET=-417.8% maxDD=417.8% hold=165m | paruh -209.1/-208.8 | thn 2024:-51.6 2025:-207.3 2026:-158.9 | H1:-408.4 H3:-70.3 H1/s.03:-471.2 | PFgross0=0.94
15m sweep-20 k=1.5                 n= 4058 (5.6/hr) win=23.5% PF=0.48 NET=-533.1% maxDD=533.1% hold=60m | paruh -253.5/-279.6 | thn 2024:-37.9 2025:-306.6 2026:-188.6 | H1:-482.5 H3:-95.9 H1/s.03:-644.8 | PFgross0=0.99
15m sweep-20 k=1.5 mh8j            n= 4143 (5.7/hr) win=24.0% PF=0.49 NET=-512.9% maxDD=512.9% hold=60m | paruh -243.2/-269.6 | thn 2024:-34.5 2025:-297.9 2026:-180.5 | H1:-460.7 H3:-90.3 H1/s.03:-626.4 | PFgross0=1.00
15m sweep-20 k=2                   n= 3111 (4.3/hr) win=23.1% PF=0.44 NET=-611.5% maxDD=611.5% hold=105m | paruh -298.0/-313.6 | thn 2024:-56.1 2025:-338.0 2026:-217.4 | H1:-573.8 H3:-30.9 H1/s.03:-698.2 | PFgross0=1.06
15m sweep-20 k=2 mh8j              n= 3380 (4.6/hr) win=24.1% PF=0.47 NET=-585.0% maxDD=586.6% hold=105m | paruh -295.3/-289.7 | thn 2024:-56.2 2025:-327.8 2026:-201.0 | H1:-543.6 H3:-46.2 H1/s.03:-678.8 | PFgross0=1.04
15m sweep-20 k=3                   n= 1809 (2.5/hr) win=21.1% PF=0.32 NET=-791.4% maxDD=792.5% hold=240m | paruh -384.3/-407.1 | thn 2024:-86.7 2025:-425.7 2026:-278.9 | H1:-760.5 H3:-2.9 H1/s.03:-832.8 | PFgross0=1.07
15m sweep-20 k=3 mh8j              n= 2553 (3.5/hr) win=25.7% PF=0.40 NET=-731.9% maxDD=733.1% hold=225m | paruh -341.8/-390.1 | thn 2024:-84.2 2025:-371.7 2026:-276.0 | H1:-696.1 H3:-57.6 H1/s.03:-798.2 | PFgross0=1.01
15m sweep-50 k=1.5                 n= 2720 (3.7/hr) win=24.5% PF=0.49 NET=-347.0% maxDD=347.0% hold=60m | paruh -164.9/-182.1 | thn 2024:-21.4 2025:-197.8 2026:-127.8 | H1:-318.7 H3:-62.4 H1/s.03:-427.5 | PFgross0=0.99
15m sweep-50 k=1.5 mh8j            n= 2753 (3.8/hr) win=25.0% PF=0.51 NET=-332.8% maxDD=333.0% hold=60m | paruh -155.5/-177.4 | thn 2024:-19.1 2025:-190.6 2026:-123.1 | H1:-304.5 H3:-60.5 H1/s.03:-414.6 | PFgross0=1.00
15m sweep-50 k=2                   n= 2262 (3.1/hr) win=23.0% PF=0.45 NET=-441.5% maxDD=442.2% hold=105m | paruh -207.0/-234.5 | thn 2024:-43.1 2025:-238.8 2026:-159.7 | H1:-408.1 H3:-18.6 H1/s.03:-498.6 | PFgross0=1.06
15m sweep-50 k=2 mh8j              n= 2416 (3.3/hr) win=24.2% PF=0.48 NET=-412.7% maxDD=415.7% hold=105m | paruh -198.9/-213.8 | thn 2024:-38.4 2025:-224.2 2026:-150.2 | H1:-384.6 H3:-39.1 H1/s.03:-481.2 | PFgross0=1.03
15m sweep-50 k=3                   n= 1490 (2.0/hr) win=20.5% PF=0.32 NET=-629.7% maxDD=630.4% hold=225m | paruh -292.9/-336.8 | thn 2024:-64.2 2025:-338.7 2026:-226.8 | H1:-606.9 H3:-5.2 H1/s.03:-666.5 | PFgross0=1.07
15m sweep-50 k=3 mh8j              n= 1913 (2.6/hr) win=25.9% PF=0.42 NET=-539.6% maxDD=541.8% hold=225m | paruh -256.5/-283.1 | thn 2024:-52.4 2025:-290.3 2026:-196.8 | H1:-516.6 H3:-44.3 H1/s.03:-593.2 | PFgross0=1.01
15m mr k=1.5 mean                  n= 1932 (2.6/hr) win=37.6% PF=0.67 NET=-198.9% maxDD=200.7% hold=75m | paruh -72.9/-126.0 | thn 2024:-22.7 2025:-85.3 2026:-90.9 | H1:-186.1 H3:-8.8 H1/s.03:-263.4 | PFgross0=1.07
15m mr k=1.5 mean mh8j             n= 1932 (2.6/hr) win=37.6% PF=0.67 NET=-198.9% maxDD=200.7% hold=75m | paruh -72.9/-126.0 | thn 2024:-22.7 2025:-85.3 2026:-90.9 | H1:-186.1 H3:-8.8 H1/s.03:-263.4 | PFgross0=1.07
15m mr k=1.5 trail                 n= 1925 (2.6/hr) win=27.8% PF=0.61 NET=-172.3% maxDD=174.7% hold=45m | paruh -79.5/-92.7 | thn 2024:-15.3 2025:-95.2 2026:-61.7 | H1:-149.0 H3:-5.4 H1/s.03:-226.0 | PFgross0=1.11
15m mr k=1.5 trail mh8j            n= 1948 (2.7/hr) win=28.0% PF=0.62 NET=-164.9% maxDD=164.9% hold=45m | paruh -79.0/-85.9 | thn 2024:-19.3 2025:-88.3 2026:-57.3 | H1:-141.2 H3:-7.9 H1/s.03:-219.1 | PFgross0=1.10
15m mr k=2 mean                    n= 1874 (2.6/hr) win=43.2% PF=0.68 NET=-211.7% maxDD=213.8% hold=90m | paruh -84.6/-127.1 | thn 2024:-29.3 2025:-95.9 2026:-86.5 | H1:-209.1 H3:8.0 H1/s.03:-284.0 | PFgross0=1.09
15m mr k=2 mean mh8j               n= 1874 (2.6/hr) win=43.2% PF=0.68 NET=-211.1% maxDD=213.1% hold=90m | paruh -84.0/-127.1 | thn 2024:-29.4 2025:-95.2 2026:-86.5 | H1:-208.5 H3:8.5 H1/s.03:-283.5 | PFgross0=1.10
15m mr k=2 trail                   n= 1743 (2.4/hr) win=25.9% PF=0.55 NET=-244.6% maxDD=248.0% hold=75m | paruh -118.0/-126.6 | thn 2024:-19.4 2025:-144.1 2026:-81.0 | H1:-228.3 H3:19.6 H1/s.03:-298.0 | PFgross0=1.15
15m mr k=2 trail mh8j              n= 1822 (2.5/hr) win=26.9% PF=0.58 NET=-228.1% maxDD=230.4% hold=75m | paruh -104.8/-123.3 | thn 2024:-17.5 2025:-124.8 2026:-85.8 | H1:-210.4 H3:10.6 H1/s.03:-283.3 | PFgross0=1.13
15m mr k=3 mean                    n= 1764 (2.4/hr) win=48.8% PF=0.65 NET=-241.1% maxDD=241.5% hold=120m | paruh -113.6/-127.5 | thn 2024:-33.8 2025:-109.7 2026:-97.7 | H1:-239.6 H3:17.7 H1/s.03:-310.1 | PFgross0=1.11
15m mr k=3 mean mh8j               n= 1764 (2.4/hr) win=48.8% PF=0.65 NET=-240.3% maxDD=240.7% hold=120m | paruh -112.4/-127.8 | thn 2024:-33.8 2025:-108.9 2026:-97.5 | H1:-238.7 H3:18.1 H1/s.03:-309.3 | PFgross0=1.11
15m mr k=3 trail                   n= 1297 (1.8/hr) win=24.0% PF=0.43 NET=-405.9% maxDD=408.3% hold=195m | paruh -191.8/-214.0 | thn 2024:-18.0 2025:-232.4 2026:-155.5 | H1:-388.7 H3:62.5 H1/s.03:-440.6 | PFgross0=1.22
15m mr k=3 trail mh8j              n= 1563 (2.1/hr) win=26.9% PF=0.54 NET=-311.0% maxDD=316.2% hold=180m | paruh -126.3/-184.7 | thn 2024:-9.1 2025:-164.6 2026:-137.3 | H1:-297.3 H3:54.6 H1/s.03:-359.8 | PFgross0=1.19
15m mr+trend k=1.5 mean            n=  366 (0.5/hr) win=43.2% PF=0.79 NET=-21.5% maxDD=22.8% hold=90m | paruh -9.8/-11.7 | thn 2024:0.2 2025:-16.0 2026:-5.7 | H1:-16.4 H3:16.9 H1/s.03:-31.0 | PFgross0=1.31
15m mr+trend k=1.5 mean mh8j       n=  366 (0.5/hr) win=43.2% PF=0.79 NET=-21.5% maxDD=22.8% hold=90m | paruh -9.8/-11.7 | thn 2024:0.2 2025:-16.0 2026:-5.7 | H1:-16.4 H3:16.9 H1/s.03:-31.0 | PFgross0=1.31
15m mr+trend k=1.5 trail           n=  375 (0.5/hr) win=28.5% PF=0.73 NET=-23.0% maxDD=28.4% hold=60m | paruh -10.8/-12.2 | thn 2024:2.8 2025:-21.4 2026:-4.3 | H1:-19.3 H3:11.6 H1/s.03:-34.3 | PFgross0=1.32
15m mr+trend k=1.5 trail mh8j      n=  375 (0.5/hr) win=29.1% PF=0.74 NET=-21.5% maxDD=27.0% hold=60m | paruh -10.8/-10.7 | thn 2024:2.8 2025:-21.4 2026:-2.9 | H1:-17.6 H3:12.7 H1/s.03:-32.6 | PFgross0=1.34
15m mr+trend k=2 mean              n=  362 (0.5/hr) win=48.3% PF=0.77 NET=-26.1% maxDD=27.7% hold=105m | paruh -12.4/-13.7 | thn 2024:-0.7 2025:-20.2 2026:-5.2 | H1:-21.5 H3:19.1 H1/s.03:-36.0 | PFgross0=1.31
15m mr+trend k=2 mean mh8j         n=  362 (0.5/hr) win=48.3% PF=0.77 NET=-26.1% maxDD=27.7% hold=105m | paruh -12.4/-13.7 | thn 2024:-0.7 2025:-20.2 2026:-5.2 | H1:-21.5 H3:19.1 H1/s.03:-36.0 | PFgross0=1.31
15m mr+trend k=2 trail             n=  356 (0.5/hr) win=25.8% PF=0.53 NET=-52.5% maxDD=57.3% hold=105m | paruh -26.3/-26.3 | thn 2024:0.7 2025:-42.6 2026:-10.7 | H1:-47.3 H3:6.6 H1/s.03:-61.6 | PFgross0=1.19
15m mr+trend k=2 trail mh8j        n=  361 (0.5/hr) win=27.1% PF=0.54 NET=-50.0% maxDD=55.1% hold=105m | paruh -24.2/-25.8 | thn 2024:1.1 2025:-37.9 2026:-13.2 | H1:-44.5 H3:3.6 H1/s.03:-58.9 | PFgross0=1.16
15m mr+trend k=3 mean              n=  358 (0.5/hr) win=53.6% PF=0.76 NET=-29.3% maxDD=30.8% hold=135m | paruh -21.5/-7.9 | thn 2024:-1.9 2025:-25.7 2026:-1.7 | H1:-24.8 H3:26.7 H1/s.03:-39.1 | PFgross0=1.38
15m mr+trend k=3 mean mh8j         n=  358 (0.5/hr) win=53.6% PF=0.76 NET=-29.6% maxDD=31.0% hold=135m | paruh -21.6/-8.0 | thn 2024:-2.0 2025:-25.8 2026:-1.7 | H1:-25.3 H3:26.2 H1/s.03:-39.6 | PFgross0=1.38
15m mr+trend k=3 trail             n=  335 (0.5/hr) win=26.0% PF=0.43 NET=-100.6% maxDD=105.0% hold=210m | paruh -49.5/-51.1 | thn 2024:-0.4 2025:-70.0 2026:-30.1 | H1:-93.7 H3:17.1 H1/s.03:-107.1 | PFgross0=1.25
15m mr+trend k=3 trail mh8j        n=  347 (0.5/hr) win=26.5% PF=0.47 NET=-82.6% maxDD=89.8% hold=210m | paruh -37.1/-45.5 | thn 2024:4.6 2025:-56.7 2026:-30.5 | H1:-75.1 H3:6.8 H1/s.03:-88.9 | PFgross0=1.15
15m sqz k=1.5 trail                n=  473 (0.6/hr) win=25.6% PF=0.47 NET=-49.8% maxDD=51.2% hold=45m | paruh -24.3/-25.6 | thn 2024:-6.4 2025:-28.2 2026:-15.2 | H1:-38.6 H3:-14.1 H1/s.03:-57.5 | PFgross0=0.94
15m sqz k=1.5 trail mh8j           n=  473 (0.6/hr) win=25.6% PF=0.47 NET=-49.6% maxDD=51.0% hold=45m | paruh -24.1/-25.6 | thn 2024:-6.4 2025:-28.0 2026:-15.2 | H1:-38.2 H3:-14.2 H1/s.03:-57.1 | PFgross0=0.94
15m sqz k=2 trail                  n=  461 (0.6/hr) win=23.4% PF=0.43 NET=-72.5% maxDD=73.1% hold=75m | paruh -35.1/-37.3 | thn 2024:-11.8 2025:-36.5 2026:-24.1 | H1:-59.0 H3:-15.3 H1/s.03:-77.4 | PFgross0=0.94
15m sqz k=2 trail mh8j             n=  463 (0.6/hr) win=23.5% PF=0.43 NET=-72.0% maxDD=72.7% hold=75m | paruh -34.6/-37.4 | thn 2024:-11.8 2025:-37.4 2026:-22.9 | H1:-59.2 H3:-17.0 H1/s.03:-77.7 | PFgross0=0.92
15m sqz k=3 trail                  n=  416 (0.6/hr) win=20.0% PF=0.32 NET=-134.1% maxDD=134.7% hold=165m | paruh -69.4/-64.7 | thn 2024:-18.3 2025:-65.6 2026:-50.2 | H1:-119.9 H3:-25.8 H1/s.03:-136.6 | PFgross0=0.87
15m sqz k=3 trail mh8j             n=  434 (0.6/hr) win=20.7% PF=0.36 NET=-119.5% maxDD=120.0% hold=165m | paruh -62.0/-57.5 | thn 2024:-17.4 2025:-58.2 2026:-43.9 | H1:-105.3 H3:-24.0 H1/s.03:-122.7 | PFgross0=0.89
15m fvg w>=0.05                    n= 4187 (5.7/hr) win=26.5% PF=0.42 NET=-690.7% maxDD=690.7% hold=45m | paruh -346.4/-344.3 | thn 2024:-68.8 2025:-357.0 2026:-264.9 | H1:-608.2 H3:-32.5 H1/s.03:-775.7 | PFgross0=1.09
15m fvg w>=0.1                     n= 2850 (3.9/hr) win=27.6% PF=0.41 NET=-603.6% maxDD=603.6% hold=75m | paruh -310.8/-292.8 | thn 2024:-59.1 2025:-318.2 2026:-226.3 | H1:-551.7 H3:-2.4 H1/s.03:-665.7 | PFgross0=1.10
15m fvg w>=0.3                     n=  818 (1.1/hr) win=26.4% PF=0.31 NET=-426.4% maxDD=426.4% hold=180m | paruh -232.0/-194.4 | thn 2024:-38.3 2025:-249.7 2026:-138.3 | H1:-406.5 H3:-2.3 H1/s.03:-439.2 | PFgross0=1.07
1h  donchian-20 k=1.5              n=  886 (1.2/hr) win=23.4% PF=0.33 NET=-364.7% maxDD=364.7% hold=240m | paruh -211.3/-153.4 | thn 2024:-61.2 2025:-208.1 2026:-95.5 | H1:-322.1 H3:-81.5 H1/s.03:-357.5 | PFgross0=0.83
1h  donchian-20 k=1.5 mh8j         n=  935 (1.3/hr) win=25.0% PF=0.39 NET=-312.4% maxDD=312.4% hold=240m | paruh -180.5/-131.9 | thn 2024:-54.0 2025:-170.8 2026:-87.6 | H1:-268.3 H3:-64.4 H1/s.03:-305.7 | PFgross0=0.88
1h  donchian-20 k=2                n=  725 (1.0/hr) win=21.1% PF=0.27 NET=-473.2% maxDD=473.2% hold=360m | paruh -278.1/-195.1 | thn 2024:-84.6 2025:-262.6 2026:-126.0 | H1:-429.8 H3:-45.1 H1/s.03:-458.8 | PFgross0=0.93
1h  donchian-20 k=2 mh8j           n=  869 (1.2/hr) win=26.0% PF=0.40 NET=-330.2% maxDD=330.9% hold=360m | paruh -197.0/-133.2 | thn 2024:-59.8 2025:-178.6 2026:-91.9 | H1:-284.3 H3:-26.6 H1/s.03:-319.1 | PFgross0=0.99
1h  donchian-20 k=3                n=  465 (0.6/hr) win=15.3% PF=0.17 NET=-677.5% maxDD=677.5% hold=960m | paruh -365.7/-311.8 | thn 2024:-90.4 2025:-358.8 2026:-228.3 | H1:-646.5 H3:-1.7 H1/s.03:-665.1 | PFgross0=1.06
1h  donchian-20 k=3 mh8j           n=  827 (1.1/hr) win=27.3% PF=0.39 NET=-383.4% maxDD=383.4% hold=480m | paruh -222.4/-161.0 | thn 2024:-77.9 2025:-188.3 2026:-117.2 | H1:-334.8 H3:-25.1 H1/s.03:-367.9 | PFgross0=0.99
1h  donchian-50 k=1.5              n=  530 (0.7/hr) win=26.2% PF=0.39 NET=-188.9% maxDD=190.6% hold=180m | paruh -105.1/-83.8 | thn 2024:-26.1 2025:-104.2 2026:-58.6 | H1:-161.8 H3:-34.4 H1/s.03:-183.0 | PFgross0=0.90
1h  donchian-50 k=1.5 mh8j         n=  553 (0.8/hr) win=27.7% PF=0.43 NET=-171.2% maxDD=171.7% hold=180m | paruh -93.6/-77.7 | thn 2024:-24.9 2025:-86.3 2026:-60.0 | H1:-146.9 H3:-30.8 H1/s.03:-169.0 | PFgross0=0.92
1h  donchian-50 k=2                n=  455 (0.6/hr) win=22.9% PF=0.32 NET=-260.2% maxDD=262.6% hold=360m | paruh -148.5/-111.7 | thn 2024:-43.6 2025:-137.7 2026:-78.9 | H1:-236.3 H3:-23.2 H1/s.03:-254.5 | PFgross0=0.96
1h  donchian-50 k=2 mh8j           n=  520 (0.7/hr) win=26.3% PF=0.40 NET=-207.1% maxDD=207.8% hold=360m | paruh -119.7/-87.4 | thn 2024:-36.7 2025:-99.6 2026:-70.8 | H1:-180.7 H3:-29.8 H1/s.03:-201.5 | PFgross0=0.93
1h  donchian-50 k=3                n=  344 (0.5/hr) win=18.6% PF=0.21 NET=-448.3% maxDD=454.3% hold=840m | paruh -237.0/-211.3 | thn 2024:-57.1 2025:-239.1 2026:-152.1 | H1:-422.2 H3:-22.9 H1/s.03:-436.0 | PFgross0=0.97
1h  donchian-50 k=3 mh8j           n=  501 (0.7/hr) win=26.7% PF=0.38 NET=-255.6% maxDD=256.3% hold=480m | paruh -150.4/-105.2 | thn 2024:-50.1 2025:-121.1 2026:-84.3 | H1:-225.7 H3:-42.0 H1/s.03:-245.8 | PFgross0=0.89
1h  sweep-20 k=1.5                 n= 1028 (1.4/hr) win=20.3% PF=0.27 NET=-479.3% maxDD=480.3% hold=240m | paruh -229.6/-249.7 | thn 2024:-58.0 2025:-235.2 2026:-186.2 | H1:-402.2 H3:-19.5 H1/s.03:-443.3 | PFgross0=1.02
1h  sweep-20 k=1.5 mh8j            n= 1163 (1.6/hr) win=26.9% PF=0.39 NET=-352.8% maxDD=354.4% hold=240m | paruh -176.2/-176.6 | thn 2024:-38.2 2025:-179.6 2026:-135.0 | H1:-275.8 H3:-6.3 H1/s.03:-322.4 | PFgross0=1.06
1h  sweep-20 k=2                   n=  799 (1.1/hr) win=15.0% PF=0.18 NET=-637.1% maxDD=637.2% hold=480m | paruh -316.0/-321.1 | thn 2024:-95.9 2025:-295.9 2026:-245.3 | H1:-574.4 H3:-43.8 H1/s.03:-606.4 | PFgross0=0.96
1h  sweep-20 k=2 mh8j              n= 1070 (1.5/hr) win=29.5% PF=0.39 NET=-383.3% maxDD=384.6% hold=480m | paruh -195.3/-188.1 | thn 2024:-49.7 2025:-178.6 2026:-155.1 | H1:-308.1 H3:10.4 H1/s.03:-350.9 | PFgross0=1.10
1h  sweep-20 k=3                   n=  469 (0.6/hr) win=11.7% PF=0.08 NET=-821.7% maxDD=821.7% hold=1020m | paruh -411.1/-410.6 | thn 2024:-141.8 2025:-388.0 2026:-291.9 | H1:-780.6 H3:-21.6 H1/s.03:-799.4 | PFgross0=1.01
1h  sweep-20 k=3 mh8j              n=  962 (1.3/hr) win=31.9% PF=0.38 NET=-414.4% maxDD=415.5% hold=480m | paruh -209.3/-205.1 | thn 2024:-51.7 2025:-180.3 2026:-182.4 | H1:-343.7 H3:5.6 H1/s.03:-382.2 | PFgross0=1.08
1h  sweep-50 k=1.5                 n=  696 (1.0/hr) win=20.0% PF=0.28 NET=-315.4% maxDD=315.9% hold=240m | paruh -137.3/-178.1 | thn 2024:-36.3 2025:-143.5 2026:-135.5 | H1:-261.7 H3:-6.9 H1/s.03:-289.6 | PFgross0=1.05
1h  sweep-50 k=1.5 mh8j            n=  725 (1.0/hr) win=26.8% PF=0.41 NET=-213.8% maxDD=215.9% hold=240m | paruh -90.6/-123.3 | thn 2024:-17.1 2025:-99.8 2026:-96.9 | H1:-166.8 H3:-3.1 H1/s.03:-195.8 | PFgross0=1.06
1h  sweep-50 k=2                   n=  590 (0.8/hr) win=15.8% PF=0.19 NET=-468.4% maxDD=468.6% hold=480m | paruh -221.0/-247.5 | thn 2024:-75.3 2025:-206.2 2026:-186.8 | H1:-417.3 H3:-13.5 H1/s.03:-440.9 | PFgross0=1.02
1h  sweep-50 k=2 mh8j              n=  677 (0.9/hr) win=29.4% PF=0.41 NET=-231.4% maxDD=233.6% hold=480m | paruh -101.7/-129.7 | thn 2024:-28.1 2025:-97.3 2026:-106.0 | H1:-181.3 H3:15.2 H1/s.03:-208.3 | PFgross0=1.13
1h  sweep-50 k=3                   n=  373 (0.5/hr) win=13.4% PF=0.09 NET=-647.1% maxDD=647.2% hold=1080m | paruh -319.2/-327.8 | thn 2024:-120.7 2025:-302.6 2026:-223.9 | H1:-609.9 H3:19.2 H1/s.03:-624.9 | PFgross0=1.15
1h  sweep-50 k=3 mh8j              n=  604 (0.8/hr) win=31.8% PF=0.41 NET=-244.8% maxDD=247.4% hold=480m | paruh -110.1/-134.7 | thn 2024:-27.1 2025:-98.9 2026:-118.8 | H1:-194.2 H3:18.0 H1/s.03:-218.3 | PFgross0=1.13
1h  mr k=1.5 mean                  n=  546 (0.7/hr) win=29.1% PF=0.40 NET=-259.9% maxDD=262.2% hold=300m | paruh -120.7/-139.2 | thn 2024:-24.4 2025:-112.7 2026:-122.8 | H1:-226.3 H3:-30.8 H1/s.03:-248.1 | PFgross0=0.95
1h  mr k=1.5 mean mh8j             n=  553 (0.8/hr) win=28.0% PF=0.46 NET=-189.4% maxDD=190.4% hold=300m | paruh -96.7/-92.7 | thn 2024:-12.1 2025:-99.8 2026:-77.5 | H1:-155.1 H3:-19.8 H1/s.03:-177.2 | PFgross0=0.98
1h  mr k=1.5 trail                 n=  535 (0.7/hr) win=16.6% PF=0.31 NET=-228.1% maxDD=231.0% hold=180m | paruh -107.1/-121.0 | thn 2024:-24.1 2025:-105.3 2026:-98.7 | H1:-198.4 H3:-32.3 H1/s.03:-219.8 | PFgross0=0.91
1h  mr k=1.5 trail mh8j            n=  555 (0.8/hr) win=21.6% PF=0.42 NET=-170.1% maxDD=173.0% hold=180m | paruh -85.3/-84.8 | thn 2024:-15.4 2025:-81.0 2026:-73.6 | H1:-141.5 H3:-29.3 H1/s.03:-163.7 | PFgross0=0.92
1h  mr k=2 mean                    n=  523 (0.7/hr) win=32.3% PF=0.36 NET=-307.4% maxDD=308.0% hold=420m | paruh -136.5/-170.9 | thn 2024:-35.7 2025:-125.4 2026:-146.3 | H1:-268.6 H3:-47.1 H1/s.03:-289.5 | PFgross0=0.90
1h  mr k=2 mean mh8j               n=  533 (0.7/hr) win=30.6% PF=0.46 NET=-202.0% maxDD=202.3% hold=420m | paruh -96.7/-105.3 | thn 2024:-11.6 2025:-99.6 2026:-90.8 | H1:-163.6 H3:-20.5 H1/s.03:-184.9 | PFgross0=0.97
1h  mr k=2 trail                   n=  468 (0.6/hr) win=15.4% PF=0.20 NET=-355.8% maxDD=356.1% hold=360m | paruh -159.4/-196.3 | thn 2024:-45.6 2025:-155.8 2026:-154.4 | H1:-329.8 H3:-51.5 H1/s.03:-348.5 | PFgross0=0.85
1h  mr k=2 trail mh8j              n=  534 (0.7/hr) win=23.8% PF=0.38 NET=-212.6% maxDD=214.1% hold=360m | paruh -94.5/-118.1 | thn 2024:-20.4 2025:-92.9 2026:-99.3 | H1:-184.0 H3:-40.4 H1/s.03:-205.3 | PFgross0=0.89
1h  mr k=3 mean                    n=  477 (0.7/hr) win=36.3% PF=0.35 NET=-327.8% maxDD=327.8% hold=540m | paruh -144.2/-183.5 | thn 2024:-25.3 2025:-146.9 2026:-155.5 | H1:-295.8 H3:-27.3 H1/s.03:-314.9 | PFgross0=0.96
1h  mr k=3 mean mh8j               n=  498 (0.7/hr) win=32.5% PF=0.44 NET=-207.2% maxDD=207.2% hold=480m | paruh -110.5/-96.7 | thn 2024:-16.1 2025:-108.3 2026:-82.9 | H1:-172.8 H3:-12.1 H1/s.03:-192.8 | PFgross0=1.00
1h  mr k=3 trail                   n=  359 (0.5/hr) win=11.1% PF=0.11 NET=-561.5% maxDD=561.5% hold=780m | paruh -258.7/-302.8 | thn 2024:-58.4 2025:-266.4 2026:-236.7 | H1:-533.8 H3:-75.6 H1/s.03:-548.1 | PFgross0=0.80
1h  mr k=3 trail mh8j              n=  495 (0.7/hr) win=27.1% PF=0.42 NET=-210.8% maxDD=211.2% hold=480m | paruh -99.9/-110.9 | thn 2024:-19.0 2025:-99.2 2026:-92.6 | H1:-179.9 H3:-6.5 H1/s.03:-199.7 | PFgross0=1.03
1h  mr+trend k=1.5 mean            n=  111 (0.2/hr) win=28.8% PF=0.32 NET=-58.4% maxDD=59.4% hold=300m | paruh -20.2/-38.2 | thn 2024:-5.7 2025:-20.8 2026:-31.9 | H1:-51.6 H3:-14.3 H1/s.03:-56.0 | PFgross0=0.80
1h  mr+trend k=1.5 mean mh8j       n=  113 (0.2/hr) win=27.4% PF=0.40 NET=-42.4% maxDD=44.9% hold=300m | paruh -17.5/-24.9 | thn 2024:-4.1 2025:-20.4 2026:-18.0 | H1:-35.2 H3:-8.2 H1/s.03:-39.7 | PFgross0=0.89
1h  mr+trend k=1.5 trail           n=  115 (0.2/hr) win=13.9% PF=0.14 NET=-62.6% maxDD=62.6% hold=240m | paruh -25.7/-36.8 | thn 2024:-5.3 2025:-26.3 2026:-31.1 | H1:-55.1 H3:-21.8 H1/s.03:-59.7 | PFgross0=0.58
1h  mr+trend k=1.5 trail mh8j      n=  116 (0.2/hr) win=17.2% PF=0.19 NET=-51.6% maxDD=51.6% hold=240m | paruh -23.2/-28.4 | thn 2024:-4.7 2025:-22.3 2026:-24.6 | H1:-42.9 H3:-20.3 H1/s.03:-47.5 | PFgross0=0.59
1h  mr+trend k=2 mean              n=  107 (0.1/hr) win=32.7% PF=0.31 NET=-65.2% maxDD=65.9% hold=420m | paruh -16.3/-48.9 | thn 2024:-6.2 2025:-20.1 2026:-39.0 | H1:-58.8 H3:-10.8 H1/s.03:-63.1 | PFgross0=0.87
1h  mr+trend k=2 mean mh8j         n=  111 (0.2/hr) win=30.6% PF=0.42 NET=-43.1% maxDD=46.4% hold=420m | paruh -16.1/-27.0 | thn 2024:-3.4 2025:-19.0 2026:-20.6 | H1:-36.1 H3:-5.3 H1/s.03:-40.6 | PFgross0=0.95
1h  mr+trend k=2 trail             n=  112 (0.2/hr) win=17.9% PF=0.21 NET=-79.7% maxDD=82.6% hold=360m | paruh -22.9/-56.8 | thn 2024:-4.7 2025:-26.9 2026:-48.1 | H1:-71.2 H3:-8.5 H1/s.03:-75.7 | PFgross0=0.91
1h  mr+trend k=2 trail mh8j        n=  114 (0.2/hr) win=23.7% PF=0.34 NET=-46.8% maxDD=50.8% hold=420m | paruh -14.1/-32.7 | thn 2024:-3.3 2025:-16.2 2026:-27.2 | H1:-37.9 H3:-7.5 H1/s.03:-42.5 | PFgross0=0.90
1h  mr+trend k=3 mean              n=  101 (0.1/hr) win=36.6% PF=0.29 NET=-70.7% maxDD=70.7% hold=540m | paruh -17.9/-52.8 | thn 2024:-6.0 2025:-25.3 2026:-39.4 | H1:-64.2 H3:-4.4 H1/s.03:-68.2 | PFgross0=0.98
1h  mr+trend k=3 mean mh8j         n=  107 (0.1/hr) win=33.6% PF=0.40 NET=-45.9% maxDD=46.4% hold=480m | paruh -19.7/-26.2 | thn 2024:-5.4 2025:-20.3 2026:-20.2 | H1:-40.6 H3:-3.8 H1/s.03:-44.9 | PFgross0=0.98
1h  mr+trend k=3 trail             n=   97 (0.1/hr) win=13.4% PF=0.12 NET=-141.5% maxDD=141.5% hold=1020m | paruh -56.3/-85.2 | thn 2024:-10.6 2025:-57.2 2026:-73.7 | H1:-135.6 H3:-9.7 H1/s.03:-139.5 | PFgross0=0.93
1h  mr+trend k=3 trail mh8j        n=  108 (0.1/hr) win=26.9% PF=0.30 NET=-56.0% maxDD=56.9% hold=480m | paruh -22.4/-33.6 | thn 2024:-5.6 2025:-23.6 2026:-26.9 | H1:-52.1 H3:-10.4 H1/s.03:-56.4 | PFgross0=0.86
1h  sqz k=1.5 trail                n=  124 (0.2/hr) win=24.2% PF=0.40 NET=-32.9% maxDD=35.4% hold=240m | paruh -21.6/-11.2 | thn 2024:-8.7 2025:-16.0 2026:-8.2 | H1:-24.8 H3:11.4 H1/s.03:-29.8 | PFgross0=1.49
1h  sqz k=1.5 trail mh8j           n=  126 (0.2/hr) win=25.4% PF=0.40 NET=-30.9% maxDD=31.5% hold=240m | paruh -17.5/-13.4 | thn 2024:-8.2 2025:-14.6 2026:-8.2 | H1:-22.9 H3:3.6 H1/s.03:-27.9 | PFgross0=1.23
1h  sqz k=2 trail                  n=  117 (0.2/hr) win=20.5% PF=0.35 NET=-51.3% maxDD=53.5% hold=360m | paruh -26.7/-24.6 | thn 2024:-11.0 2025:-24.5 2026:-15.8 | H1:-46.8 H3:17.4 H1/s.03:-51.4 | PFgross0=1.62
1h  sqz k=2 trail mh8j             n=  125 (0.2/hr) win=24.8% PF=0.50 NET=-29.2% maxDD=29.6% hold=420m | paruh -15.8/-13.4 | thn 2024:-8.3 2025:-14.0 2026:-6.9 | H1:-21.2 H3:15.5 H1/s.03:-26.2 | PFgross0=1.63
1h  sqz k=3 trail                  n=  102 (0.1/hr) win=21.6% PF=0.21 NET=-98.8% maxDD=98.8% hold=1020m | paruh -52.2/-46.6 | thn 2024:-14.6 2025:-46.2 2026:-38.0 | H1:-94.6 H3:35.7 H1/s.03:-98.7 | PFgross0=1.96
1h  sqz k=3 trail mh8j             n=  124 (0.2/hr) win=28.2% PF=0.44 NET=-39.4% maxDD=39.6% hold=480m | paruh -21.3/-18.1 | thn 2024:-7.9 2025:-18.9 2026:-12.5 | H1:-29.5 H3:14.1 H1/s.03:-34.5 | PFgross0=1.49
1h  fvg w>=0.05                    n= 1159 (1.6/hr) win=21.1% PF=0.24 NET=-616.5% maxDD=616.5% hold=180m | paruh -338.2/-278.3 | thn 2024:-57.8 2025:-359.4 2026:-199.3 | H1:-544.3 H3:18.7 H1/s.03:-590.7 | PFgross0=1.15
1h  fvg w>=0.1                     n=  976 (1.3/hr) win=22.6% PF=0.24 NET=-593.0% maxDD=593.0% hold=180m | paruh -340.6/-252.4 | thn 2024:-54.9 2025:-348.5 2026:-189.6 | H1:-531.6 H3:25.0 H1/s.03:-570.7 | PFgross0=1.16
1h  fvg w>=0.3                     n=  483 (0.7/hr) win=20.9% PF=0.20 NET=-507.3% maxDD=507.3% hold=360m | paruh -280.5/-226.8 | thn 2024:-46.3 2025:-309.8 2026:-151.3 | H1:-474.2 H3:22.7 H1/s.03:-493.5 | PFgross0=1.17
-> NET positif (H2 slip.01): 0/171

=== OUT-OF-SAMPLE Sep 2019 - Sep 2024: 10 terbaik in-sample (H2 slip.01), parameter PERSIS ===
15m mr+trend k=1.5 mean            IS NET=-21.5% PF=0.79 || OOS n= 1044 (0.6/hr) win=45.8% PF=0.79 NET=-80.2% maxDD=80.2% hold=90m | paruh -14.4/-65.8 | thn 2019:-2.7 2020:-27.0 2021:13.2 2022:-5.1 2023:-26.2 2024:-32.5 | OOS slip.03 NET=-122.0% | DSR(IS)=0.0%
15m mr+trend k=1.5 mean mh8j       IS NET=-21.5% PF=0.79 || OOS n= 1044 (0.6/hr) win=45.8% PF=0.79 NET=-80.2% maxDD=80.2% hold=90m | paruh -14.4/-65.8 | thn 2019:-2.7 2020:-27.0 2021:13.2 2022:-5.1 2023:-26.2 2024:-32.5 | OOS slip.03 NET=-122.0% | DSR(IS)=0.0%
15m mr+trend k=1.5 trail mh8j      IS NET=-21.5% PF=0.74 || OOS n= 1063 (0.6/hr) win=29.1% PF=0.63 NET=-115.7% maxDD=115.7% hold=75m | paruh -45.9/-69.8 | thn 2019:-8.1 2020:-36.3 2021:9.2 2022:-34.5 2023:-22.9 2024:-23.2 | OOS slip.03 NET=-158.2% | DSR(IS)=0.0%
15m mr+trend k=1.5 trail           IS NET=-23.0% PF=0.73 || OOS n= 1062 (0.6/hr) win=28.8% PF=0.62 NET=-120.1% maxDD=120.1% hold=75m | paruh -47.9/-72.2 | thn 2019:-8.1 2020:-37.0 2021:8.9 2022:-36.0 2023:-23.1 2024:-24.8 | OOS slip.03 NET=-162.5% | DSR(IS)=0.0%
15m mr+trend k=2 mean              IS NET=-26.1% PF=0.77 || OOS n= 1023 (0.6/hr) win=51.2% PF=0.78 NET=-85.4% maxDD=86.4% hold=105m | paruh -17.2/-68.2 | thn 2019:-8.8 2020:-18.8 2021:7.0 2022:-10.4 2023:-28.0 2024:-26.3 | OOS slip.03 NET=-126.3% | DSR(IS)=0.0%
15m mr+trend k=2 mean mh8j         IS NET=-26.1% PF=0.77 || OOS n= 1023 (0.6/hr) win=51.2% PF=0.78 NET=-85.5% maxDD=86.5% hold=105m | paruh -17.2/-68.3 | thn 2019:-8.8 2020:-18.8 2021:7.0 2022:-10.5 2023:-28.0 2024:-26.3 | OOS slip.03 NET=-126.4% | DSR(IS)=0.0%
1h  sqz k=2 trail mh8j             IS NET=-29.2% PF=0.50 || OOS n=  341 (0.2/hr) win=26.4% PF=0.55 NET=-113.1% maxDD=121.3% hold=420m | paruh -40.4/-72.7 | thn 2019:-3.8 2020:-1.9 2021:-26.5 2022:-40.6 2023:-22.2 2024:-18.0 | OOS slip.03 NET=-126.7% | DSR(IS)=0.0%
15m mr+trend k=3 mean              IS NET=-29.3% PF=0.76 || OOS n= 1013 (0.6/hr) win=54.9% PF=0.79 NET=-85.6% maxDD=86.4% hold=135m | paruh -9.8/-75.7 | thn 2019:-8.3 2020:-6.7 2021:-0.4 2022:-10.6 2023:-27.1 2024:-32.4 | OOS slip.03 NET=-126.1% | DSR(IS)=0.0%
15m mr+trend k=3 mean mh8j         IS NET=-29.6% PF=0.76 || OOS n= 1013 (0.6/hr) win=54.9% PF=0.79 NET=-86.2% maxDD=87.0% hold=135m | paruh -10.3/-75.8 | thn 2019:-8.3 2020:-7.2 2021:-0.4 2022:-10.7 2023:-27.1 2024:-32.4 | OOS slip.03 NET=-126.7% | DSR(IS)=0.0%
1h  sqz k=1.5 trail mh8j           IS NET=-30.9% PF=0.40 || OOS n=  345 (0.2/hr) win=22.6% PF=0.53 NET=-103.7% maxDD=116.4% hold=240m | paruh -38.2/-65.4 | thn 2019:-1.5 2020:-1.9 2021:-27.5 2022:-36.2 2023:-18.8 2024:-17.7 | OOS slip.03 NET=-117.5% | DSR(IS)=0.0%
-> lolos OOS (NET > 0): 0/10
